#HEADERS SPECIFICATIONS;;;;;;;;;;;;;;;;;;;;;;;
"#first character: ""b"" is for BubbleSort and ""i"" is for InsertionSort";;;;;;;;;;;;;;;;;;;;;;;
"#second characer: ""a"" is for aleatory order, ""i"" is for increasing order and ""d"" is for decreasing order";;;;;;;;;;;;;;;;;;;;;;;
"#third character: ""1"", ""2"", ""3"" and ""4"" refer to the input size (10 ^ third character)";;;;;;;;;;;;;;;;;;;;;;;
ba1;ia1;bi1;ii1;bd1;id1;ba2;ia2;bi2;ii2;bd2;id2;ba3;ia3;bi3;ii3;bd3;id3;ba4;ia4;bi4;ii4;bd4;id4
0;18;0;0;0;0;1;0;1;0;1;0;59;8;29;0;48;23;2228;508;1614;1;2433;995
0;0;0;0;0;0;0;0;0;0;1;0;20;5;16;0;28;10;2167;489;1569;0;2206;980
0;0;0;0;0;0;1;0;0;0;0;0;20;5;16;0;22;9;2073;490;1641;0;2248;993
0;0;0;0;0;0;0;0;0;0;0;0;20;5;15;0;22;9;2228;502;1610;1;2284;1003
0;0;0;0;0;0;1;0;0;0;0;0;23;5;16;0;24;10;2095;520;1585;1;2279;996
0;0;0;0;0;0;0;0;0;0;0;0;21;5;15;0;23;11;2100;501;1577;0;2229;990
0;0;0;0;0;0;0;0;0;0;0;0;22;6;16;0;21;10;2110;513;1679;1;2301;1029
0;0;0;0;0;0;0;0;0;0;0;0;20;5;16;0;22;9;3018;711;1642;0;2367;1312
0;0;0;0;0;0;0;0;1;0;0;0;20;6;18;0;27;9;2260;539;1684;0;2354;1032
0;0;0;0;0;0;0;0;0;1;0;0;24;5;17;0;22;9;2613;541;1935;0;2395;1064
0;0;0;0;0;0;1;0;0;0;0;0;22;5;15;0;22;9;2180;514;1702;1;2498;1143
0;0;0;0;0;0;0;0;0;0;1;0;26;6;24;0;27;12;2256;529;1688;0;2359;1066
0;0;0;0;0;0;0;0;0;0;1;0;21;5;15;0;23;10;2474;531;1699;0;2363;1051
0;0;0;0;0;0;0;0;0;0;1;0;21;4;17;0;26;12;2179;503;1662;1;2509;1055
0;0;0;0;0;0;1;0;0;0;0;0;23;6;17;0;25;11;2211;508;1825;0;2467;1073
0;0;0;0;0;0;1;0;0;0;1;0;39;8;25;0;28;10;2226;504;1669;0;2430;1051
0;0;0;0;0;0;0;0;0;0;0;0;22;5;17;0;23;12;2244;530;1692;0;2428;1078
0;0;0;0;0;0;0;0;0;0;0;1;21;6;17;0;26;12;2218;522;1686;0;2427;1044
0;0;0;0;0;0;0;1;0;0;0;0;21;6;15;0;22;10;2238;528;1680;0;2450;1048
0;0;0;0;0;0;0;0;0;0;1;0;23;5;16;0;23;9;2215;511;1682;0;2367;1035
0;0;0;0;0;0;0;0;0;0;1;0;21;6;16;0;23;11;2181;519;1629;0;2372;1057
0;0;0;0;0;0;0;0;1;0;0;0;21;5;16;0;25;11;2220;520;1663;0;2409;1069
0;0;0;0;0;0;0;0;0;0;0;0;22;5;15;0;22;11;2187;514;1676;0;2547;1057
0;0;0;0;0;0;0;0;0;0;0;1;21;5;15;0;22;11;2218;525;1672;0;2408;1034
0;0;0;0;0;0;0;0;0;0;1;0;20;5;16;0;24;10;2198;522;1666;1;2364;1048
0;0;0;0;0;0;0;0;0;0;1;0;24;6;18;0;27;11;2275;527;1651;0;2379;1060
0;0;0;0;0;0;0;0;0;0;1;0;23;6;16;0;26;12;2207;527;1660;0;2393;1053
0;0;0;0;0;0;1;0;0;0;0;0;21;5;17;0;25;12;2501;548;1672;0;2804;1040
0;0;0;0;0;0;0;0;0;0;0;1;21;6;17;0;24;9;2277;552;1656;0;2389;1047
0;0;0;0;0;0;0;1;0;0;0;0;21;6;16;0;23;11;2206;519;1653;0;2354;1037
0;0;0;0;0;0;0;0;1;0;0;0;23;6;15;0;24;11;2223;512;1688;0;2386;1054
0;0;0;0;0;0;1;0;0;0;0;0;23;6;16;0;22;10;2211;523;1652;1;2383;1048
0;0;0;0;0;0;0;0;0;0;1;0;19;5;17;0;26;12;2219;512;1638;0;2360;1062
0;0;0;0;0;0;0;0;1;0;0;0;21;4;15;0;23;10;2301;577;1874;0;2367;1047
0;0;0;0;0;0;0;0;1;0;0;0;23;5;17;0;25;11;2210;534;1675;0;2391;1074
0;0;0;0;0;0;0;0;0;0;1;0;24;6;18;0;24;11;2207;521;1675;0;2386;1061
0;0;0;0;0;0;0;0;0;0;0;1;24;6;18;0;24;10;2201;518;1681;1;2366;1063
0;0;0;0;0;0;0;0;1;0;0;0;22;5;16;0;23;11;2317;532;1650;0;2462;1033
0;0;0;0;0;0;1;0;0;0;0;0;22;5;15;0;21;10;2165;529;1624;0;2358;1046
0;0;0;0;0;0;0;0;0;0;1;0;22;7;18;0;23;11;2176;513;1634;0;2327;1032
0;0;0;0;0;0;0;0;0;0;0;0;22;6;18;0;22;10;2164;527;1640;0;2316;1041
0;0;0;0;0;0;0;0;0;0;0;0;26;6;16;0;22;11;2202;519;1656;1;2306;1039
0;0;0;0;0;0;0;0;1;0;0;0;22;6;18;0;22;10;2170;516;1618;0;2332;1038
0;0;0;0;0;0;0;0;0;0;1;0;20;5;16;0;25;11;2173;519;1650;1;2327;1034
0;0;0;0;0;0;0;0;1;0;0;0;22;5;17;0;25;11;2143;508;1634;1;2340;1038
0;0;0;0;0;0;0;0;0;0;1;0;21;5;15;0;22;10;2158;511;1630;0;2316;1042
0;0;0;0;0;0;0;0;0;0;1;0;23;5;17;0;24;11;2147;501;1634;0;2326;1031
0;0;0;0;0;0;0;0;0;0;0;0;25;5;20;0;22;10;2214;512;1623;0;2302;1024
0;0;0;0;0;0;0;0;0;0;0;0;21;5;15;0;22;11;2188;511;1630;0;2412;1026
0;0;0;0;0;0;1;0;0;0;0;0;24;6;17;0;25;9;2292;513;1705;1;2399;1192
0;0;0;0;0;0;1;0;0;0;0;0;21;5;16;0;24;12;2398;533;2042;0;2899;1294
0;0;0;0;0;0;0;1;0;0;0;0;28;9;22;0;27;12;2658;519;1712;1;2427;1054
0;0;0;0;0;0;0;0;0;0;0;1;21;5;19;0;24;10;2192;518;1663;0;2374;1035
0;0;0;0;0;0;0;0;0;0;0;1;22;5;18;0;22;10;2196;522;1666;0;2340;1052
0;0;0;0;0;0;0;1;0;0;0;0;20;5;16;0;25;11;2175;509;1619;0;2310;1028
0;0;0;0;0;0;0;0;0;0;1;0;22;4;16;0;23;10;2170;521;1638;0;2355;1051
0;0;0;0;0;0;1;0;0;0;0;0;23;6;17;0;25;11;2233;646;2123;1;2809;1065
0;0;0;0;0;0;0;0;0;0;0;0;23;6;18;0;25;11;2209;532;1668;0;2367;1048
0;0;0;0;0;0;0;0;0;0;1;0;21;6;18;0;23;11;2238;513;1639;0;2314;1021
0;0;0;0;0;0;1;0;0;0;0;0;23;6;19;0;26;12;2178;494;1651;1;2344;1029
0;0;0;0;0;0;1;0;0;0;0;0;23;6;18;0;22;10;2203;536;1629;0;2358;1043
0;0;0;0;0;0;0;0;0;0;0;1;21;6;15;0;22;10;2176;511;1638;0;2347;1022
0;0;0;0;0;0;0;0;0;0;0;0;21;5;15;0;24;11;2171;509;1628;0;2331;1019
0;0;0;0;0;0;0;0;1;0;0;0;24;6;17;0;22;10;2171;507;1655;0;2310;1049
0;0;0;0;0;0;0;0;1;0;0;0;20;5;16;0;23;11;2169;515;1637;0;2371;1048
0;0;0;0;0;0;0;0;1;0;0;0;21;5;15;0;25;11;2163;506;1618;0;2321;1041
0;0;0;0;0;0;0;0;1;0;0;0;23;6;16;0;22;10;2162;504;1611;0;2319;1027
0;0;0;0;0;0;0;0;0;0;0;1;23;6;17;0;25;10;2163;504;1653;0;2327;1038
0;0;0;0;0;0;0;0;0;0;0;0;24;5;18;0;24;11;2271;540;1651;0;2334;1030
0;0;0;0;0;0;0;0;0;0;0;0;22;6;16;0;23;10;2131;511;1623;0;2342;1032
0;0;0;0;0;0;0;0;0;0;0;1;20;6;17;0;25;12;2182;528;1651;0;2321;1026
0;0;0;0;0;0;0;0;0;0;0;0;22;5;16;0;23;12;2240;505;1638;0;2373;1022
0;0;0;0;0;0;0;1;0;0;0;0;21;6;15;0;23;11;2218;522;1652;0;2323;1058
0;0;0;0;0;0;0;0;0;0;0;1;23;5;16;0;22;9;2177;521;1632;0;2364;1024
0;0;0;0;0;0;0;0;0;0;0;0;23;5;16;0;25;11;2143;512;1628;1;2360;1038
0;0;0;0;0;0;0;1;0;0;0;0;20;5;16;0;24;9;2159;502;1654;0;2333;1040
0;0;0;0;0;0;0;0;1;0;0;0;21;5;16;0;22;10;2173;509;1626;0;2360;1037
0;0;0;0;0;0;0;0;0;0;1;0;21;5;17;0;25;12;2192;511;1630;1;2354;1028
0;0;0;0;0;0;0;0;0;0;0;1;20;6;17;0;23;10;2189;528;1652;1;2344;1039
0;0;0;0;0;0;0;0;0;0;0;0;21;5;17;0;22;9;2173;507;1629;1;2332;1038
0;0;0;0;0;0;0;0;0;0;0;1;23;6;18;0;21;10;2178;520;1616;1;2344;1022
0;0;0;0;0;0;0;0;0;0;0;0;21;5;16;0;27;11;2193;508;1647;0;2614;1027
0;0;0;0;0;0;1;0;0;0;0;0;20;6;15;0;23;10;2178;507;1651;0;2321;1053
1;0;0;0;0;0;0;0;0;0;0;0;21;5;16;0;23;10;2213;537;1623;0;2324;1051
0;0;0;0;0;0;0;0;0;0;0;1;23;6;18;0;23;10;2161;510;1615;0;2349;1047
0;0;0;0;0;0;1;0;0;0;0;0;24;5;16;0;23;9;2183;516;1618;0;2327;1029
0;0;0;0;0;0;0;0;0;0;0;0;21;6;16;0;25;10;2162;508;1653;1;2397;1044
0;0;0;0;0;0;1;0;0;0;0;0;22;6;16;0;24;11;2166;527;1645;0;2363;1036
0;0;0;0;0;0;1;0;0;0;0;0;23;5;17;0;24;11;2189;505;1640;0;2323;1036
0;0;0;0;0;0;1;0;0;0;0;0;23;6;17;0;22;10;2192;519;1626;0;2349;1034
0;0;0;0;0;0;1;0;0;0;0;0;21;5;15;1;22;9;2170;519;1642;0;2351;1033
0;0;0;0;0;0;1;0;0;0;0;0;23;6;17;0;22;10;2188;516;1640;0;2340;1034
0;0;0;0;0;0;0;0;1;0;0;0;21;6;18;0;23;11;2175;510;1618;1;2575;1041
0;0;0;0;0;0;0;0;1;0;0;0;20;6;16;0;23;11;2199;529;1632;0;2333;1028
0;0;0;0;0;0;0;0;0;0;1;0;21;5;16;0;21;9;2216;516;1628;0;2339;1028
0;0;0;0;0;0;0;0;1;0;0;0;22;5;15;0;22;10;2181;522;1633;1;2319;1037
0;0;0;0;0;0;1;0;0;0;0;0;20;6;16;0;28;12;2182;518;1665;0;2342;1038
0;0;0;0;0;0;0;0;0;0;1;0;20;5;16;0;23;11;2161;515;1631;0;2560;1036
0;0;0;0;0;0;0;1;0;0;0;0;22;5;17;0;22;10;2185;504;1637;0;2379;1049
0;0;0;0;0;0;0;0;1;0;0;0;20;5;16;0;21;10;2193;511;1628;0;2327;1025
0;0;0;0;0;0;0;0;0;0;1;0;21;4;16;0;23;11;2155;508;1667;1;2645;1017
0;0;0;0;0;0;0;0;0;0;1;0;20;5;16;0;22;11;2176;516;1632;0;2349;1055
0;0;0;0;0;0;1;0;0;0;0;0;19;5;16;0;23;10;2172;530;1638;1;2322;1045
0;0;0;0;0;0;0;0;1;0;0;0;21;5;15;0;23;10;2649;579;1872;0;2924;1056
0;0;0;0;0;0;0;0;0;0;0;1;21;4;15;0;22;11;2181;516;1662;0;2373;1043
0;0;0;0;0;0;1;0;0;0;0;0;25;5;17;0;22;11;2193;514;1673;1;2329;1034
0;0;0;0;0;0;0;0;1;0;0;0;23;4;16;0;24;11;2200;520;1657;0;2363;1051
0;0;0;0;0;0;1;0;0;0;0;0;20;5;15;0;24;12;2178;521;1634;0;2357;1043
0;0;0;0;0;0;0;0;0;0;0;1;24;6;15;0;22;9;2175;528;1622;1;2346;1030
0;0;0;0;0;0;0;0;0;0;0;0;21;6;17;0;25;11;2159;552;1689;0;2346;1034
0;0;0;0;0;0;0;0;0;0;1;0;22;6;17;0;24;11;2182;515;1640;0;2347;1042
0;0;0;0;0;0;0;0;0;0;0;0;21;5;16;0;23;11;2185;509;1645;1;2344;1043
0;0;0;0;0;0;0;0;0;0;0;0;21;5;15;0;23;10;2160;531;1638;0;2349;1037
0;0;0;0;0;0;0;0;1;0;0;0;22;5;16;0;24;11;2186;528;1658;0;2373;1038
0;0;0;0;0;0;0;0;0;0;0;0;20;5;15;0;25;11;2186;523;1672;1;2346;1022
0;0;0;0;0;0;0;0;0;0;1;0;21;5;17;0;24;11;2186;525;1649;0;2343;1027
0;0;0;0;0;0;0;1;0;0;0;0;22;5;18;0;23;10;2182;519;1647;0;2321;1034
0;0;0;0;0;0;1;0;0;0;0;0;24;6;16;0;24;10;2154;518;1635;0;2340;1035
0;0;0;0;0;0;1;0;0;0;0;0;21;5;16;0;23;10;2175;517;1658;0;2324;1049
0;0;0;0;0;0;0;0;0;0;1;0;22;6;15;0;24;11;2216;525;1622;0;2334;1046
0;0;0;0;0;0;0;0;0;0;1;0;21;5;17;0;25;11;2158;522;1619;0;2344;1028
0;0;0;1;0;0;0;0;0;0;0;0;23;5;17;0;21;11;2173;511;1663;1;2352;1035
0;0;0;0;0;0;0;0;0;0;0;1;21;5;16;0;23;11;2210;505;1656;0;2332;1025
0;0;0;0;0;0;0;0;0;0;0;1;20;5;16;0;23;11;2187;515;1656;0;2325;1036
0;0;0;0;0;0;0;0;0;0;1;0;23;5;17;0;25;11;2213;519;1646;0;2437;1033
0;0;0;0;0;0;0;0;0;0;0;0;21;5;17;0;25;10;2206;529;1648;0;2338;1041
0;0;0;0;0;0;0;0;1;0;0;0;24;5;15;0;23;11;2188;529;1658;0;2488;1039
0;0;0;0;0;0;0;1;0;0;0;0;21;5;16;0;24;10;2202;520;1644;0;2397;1052
0;0;0;0;0;0;1;0;0;0;0;0;21;5;17;0;22;10;2226;518;1633;0;2348;1047
0;0;0;0;0;0;0;0;1;0;0;0;20;5;15;0;23;10;2196;513;1621;0;2332;1006
0;0;0;0;0;0;0;0;1;0;0;0;23;6;18;0;24;9;2164;517;1647;0;2340;1026
0;0;0;0;0;0;0;0;0;0;0;0;21;5;15;0;22;10;2149;516;1658;1;2396;1057
0;0;0;0;0;0;0;0;0;0;0;0;21;5;16;0;23;11;2174;501;1682;0;2373;1048
0;0;0;0;0;0;0;0;0;0;1;0;22;5;16;0;24;9;2177;526;1656;0;2326;1034
0;0;0;0;0;0;0;0;0;0;1;0;22;5;15;0;21;9;2156;525;1624;0;2343;1052
0;0;0;0;0;0;0;1;0;0;0;1;24;6;18;0;25;10;2157;510;1651;1;2349;1022
0;0;0;0;0;0;0;0;1;0;0;0;21;6;17;0;25;10;2185;514;1654;0;2384;1157
0;0;0;0;0;0;0;0;0;0;1;0;22;5;16;0;22;11;2197;516;1637;0;2335;1018
0;0;0;0;0;0;1;0;0;0;0;0;24;6;18;0;24;11;2199;535;1654;0;2332;1037
0;0;0;0;0;0;0;0;0;0;1;0;23;5;17;0;24;10;2171;521;1646;0;2337;1048
0;0;0;0;0;0;1;0;0;0;0;0;21;5;16;0;24;11;2191;533;1662;0;2360;1036
0;0;0;0;0;0;0;0;0;0;0;1;21;5;17;0;23;10;2193;842;2008;0;2388;1019
0;0;0;0;0;0;0;0;0;0;0;0;22;6;17;0;25;11;2232;507;1667;0;2393;1057
0;0;0;0;0;0;0;0;1;0;0;0;21;6;18;0;26;10;2236;526;1662;1;2332;1054
0;0;0;0;0;0;0;0;0;0;0;0;22;6;16;0;24;11;2225;516;1628;0;2349;1031
0;0;0;0;0;0;0;1;0;0;0;0;24;6;18;0;25;11;2164;522;1637;0;2315;1037
0;0;0;0;0;0;0;0;0;0;1;0;21;6;18;0;25;11;2174;511;1623;0;2385;1041
0;0;0;0;0;0;0;0;0;0;1;0;22;6;17;0;24;10;2229;530;1702;0;2399;1033
1;0;0;0;0;0;0;0;0;0;0;0;24;6;18;0;27;11;2167;498;1644;0;2348;1051
0;0;0;0;0;0;0;0;0;0;1;0;22;6;16;0;27;10;2166;510;1642;1;2336;1034
0;0;0;0;0;0;0;0;0;0;0;0;20;5;16;0;22;11;2200;508;1662;0;2344;1042
0;0;0;0;0;0;1;0;0;0;0;0;21;5;16;0;23;10;2187;515;1642;0;2349;1056
0;0;0;0;0;0;0;0;0;0;0;1;19;5;18;0;26;12;2202;525;1648;0;2344;1043
0;0;0;0;0;0;0;0;1;0;0;0;20;5;15;0;28;13;2215;513;1653;0;2347;1031
0;0;0;0;0;0;0;0;0;0;0;0;21;6;15;0;22;11;2163;549;1662;0;2368;1032
0;0;0;0;0;0;0;0;0;0;1;0;21;5;16;0;22;9;2189;517;1622;0;2348;1029
0;0;0;0;0;0;0;0;0;0;0;0;20;5;16;0;27;12;2191;526;1667;1;2349;1050
0;0;0;0;0;0;0;0;0;0;0;0;23;5;17;0;26;11;2164;528;1654;0;2336;1037
0;0;0;0;0;0;0;0;0;0;0;0;21;5;16;0;22;10;2177;521;1683;0;2356;1039
0;0;0;0;0;0;0;0;0;0;1;0;23;6;17;0;22;11;2179;516;1738;1;2346;1030
0;0;0;0;0;0;0;1;0;0;0;0;23;6;16;0;22;10;2183;504;1623;0;2365;1034
0;0;0;0;0;0;0;0;0;0;0;1;22;6;17;0;22;9;2197;508;1647;0;2722;1035
0;0;0;0;0;0;0;0;0;0;1;0;23;5;18;0;23;9;2165;515;1636;1;2405;1046
0;1;0;0;0;0;0;0;0;0;0;0;22;6;16;0;22;9;2182;500;1649;1;2361;1036
0;0;0;0;0;0;0;0;0;0;0;1;21;5;17;0;24;11;2200;510;1629;0;2348;1043
0;0;0;0;0;0;0;0;0;0;0;0;21;5;17;0;27;11;2188;512;1649;0;2347;1047
0;0;0;0;0;0;0;0;0;0;0;0;23;5;16;0;22;11;2176;532;1643;0;2335;1037
0;0;0;0;0;0;0;0;0;0;0;0;22;5;17;0;24;10;2209;522;1622;0;2320;1046
0;0;0;0;0;0;1;0;0;0;0;0;22;6;16;0;23;10;2174;514;1640;0;2341;1017
0;0;0;0;0;0;0;0;0;0;1;0;19;5;16;0;23;11;2188;523;1635;1;2803;1118
0;0;0;0;0;0;1;0;0;0;0;0;21;6;16;0;24;10;2170;533;1674;0;2360;1047
0;0;0;0;0;0;1;0;0;0;0;0;21;5;17;0;26;11;2190;524;1658;1;2407;1031
0;0;0;0;0;0;0;0;0;0;1;0;23;6;15;0;22;10;2174;531;1651;1;2367;1045
0;0;0;0;0;0;1;0;0;0;0;0;20;5;16;0;22;10;2195;525;1648;0;2325;1021
0;0;0;0;0;0;0;0;1;0;0;0;21;5;17;0;25;10;2202;525;1637;0;2340;1038
0;0;0;0;0;0;0;0;0;0;1;0;21;6;16;0;22;9;2203;522;1632;1;2334;1035
0;0;0;0;0;0;0;0;0;0;0;0;22;4;17;0;24;10;2181;523;1652;1;2364;1041
0;0;0;0;0;0;0;0;0;0;1;0;21;5;16;0;24;10;2167;517;1647;0;2357;1033
0;0;0;0;0;0;0;0;0;0;1;0;22;6;17;0;24;11;2208;515;1654;0;2335;1062
0;0;0;0;0;0;1;0;0;0;0;0;22;4;19;0;23;9;2201;511;1654;1;2365;1031
0;0;0;0;0;0;1;0;0;0;0;0;21;5;16;0;24;11;2182;520;1620;0;2344;1026
0;0;0;0;0;0;0;0;0;0;0;0;21;5;16;0;23;9;2179;512;1644;1;2322;1058
0;0;0;0;0;0;1;0;0;0;0;0;22;6;17;0;27;11;2172;511;1657;0;2328;1025
0;0;0;0;0;0;0;0;0;0;1;0;23;5;15;0;23;10;2204;532;1629;1;2340;1030
0;0;0;0;0;0;1;0;0;0;0;0;24;6;15;0;21;10;2185;520;1646;0;2323;1037
0;0;0;0;0;0;1;0;0;0;0;0;23;5;17;0;24;10;2201;516;1631;0;2385;1039
0;0;0;0;0;0;1;0;0;0;0;0;22;5;17;0;22;11;2194;525;1656;1;2347;1038
0;0;0;0;0;1;0;0;0;0;0;0;22;5;16;0;23;10;2196;514;1631;1;2349;1038
0;0;0;0;0;0;1;0;0;0;0;0;22;6;17;0;24;11;2203;526;1636;0;2337;1045
0;0;0;0;0;0;0;0;0;0;1;0;20;5;17;0;24;11;2195;513;1637;0;2339;1052
0;0;0;0;0;0;0;0;0;0;0;1;21;5;15;0;23;11;2205;524;1648;1;2341;1053
0;0;0;0;0;0;1;0;0;0;0;0;21;4;15;0;24;10;2170;517;1648;0;2371;1033
0;0;0;0;0;0;1;0;0;0;0;0;27;6;18;0;21;11;2196;511;1637;0;2341;1063
0;0;0;0;0;0;0;0;0;0;1;0;21;5;16;0;23;11;2196;531;1640;0;2327;1022
0;0;0;0;0;0;0;0;0;0;0;1;20;5;16;0;23;10;2178;519;1630;0;2357;1013
0;0;0;0;0;0;0;0;0;0;1;0;20;5;16;0;22;10;2155;536;1639;1;2345;1039
0;0;0;0;0;0;0;0;1;0;0;0;21;5;16;0;23;11;2177;526;1646;0;2347;1023
0;0;0;0;0;0;1;0;0;0;0;0;21;6;17;0;24;10;2179;538;1636;1;2368;1027
0;0;0;0;0;0;0;0;1;0;0;0;22;5;16;0;25;11;2175;523;1687;0;2334;1038
0;0;0;0;0;0;0;0;0;0;0;0;22;5;16;0;22;10;2177;510;1637;0;2337;1025
0;0;0;0;0;0;1;0;0;0;0;0;20;5;16;0;37;10;2182;509;1659;0;2326;1054
0;0;0;0;0;0;0;1;0;0;0;0;26;5;16;0;23;10;2254;521;1653;0;2363;1054
0;0;0;0;0;0;0;0;0;0;0;0;23;6;16;0;23;12;2226;518;1688;1;2438;1065
0;0;0;0;0;0;0;0;0;0;1;0;22;6;18;0;24;12;2221;519;1644;0;2358;1043
0;0;0;0;0;0;0;0;0;0;0;0;20;5;17;0;23;10;2209;529;1655;0;2339;1027
0;0;0;0;0;0;1;0;0;0;0;0;21;5;16;0;22;10;2195;522;1659;0;2351;1037
0;0;0;0;0;0;1;0;0;0;0;0;23;5;17;0;22;9;2154;529;1627;0;2324;1012
0;0;0;0;0;0;0;0;0;0;1;0;21;5;16;0;25;12;2181;518;1641;0;2355;1029
0;0;0;0;0;0;0;0;1;0;0;0;21;5;17;0;23;11;2208;524;1662;0;2332;1024
0;0;0;0;0;0;0;0;0;0;1;0;20;5;16;0;23;10;2184;521;1644;0;2332;1054
0;0;0;0;0;0;0;0;1;0;0;0;23;6;17;0;23;10;2189;515;1630;1;2325;1040
0;0;0;0;0;0;0;0;0;0;0;0;22;6;16;0;23;11;2209;516;1658;0;2319;1051
0;0;0;0;0;0;0;0;1;0;0;0;23;6;18;0;22;10;2184;521;1652;1;2399;1052
0;0;0;0;0;0;0;0;0;0;1;0;22;5;17;0;23;10;2217;522;1635;0;2411;1067
0;0;0;0;0;0;0;0;1;0;0;0;21;5;16;0;22;10;2217;519;1649;1;2335;1037
0;0;0;0;0;0;1;0;0;0;0;0;21;4;15;0;23;11;2153;514;1635;0;2339;1040
0;0;0;0;0;0;0;0;1;0;0;0;20;6;17;0;24;10;2178;520;1656;1;2335;1046
1;0;0;0;0;0;0;0;0;0;0;0;24;5;16;0;22;9;2207;517;1669;0;2392;1020
0;0;0;0;0;0;0;0;0;0;1;0;22;6;16;0;24;12;2244;512;1650;0;2370;1067
0;0;0;0;0;0;0;0;0;0;1;0;20;5;17;0;26;10;2202;532;1674;1;2344;1036
0;0;0;0;0;0;1;0;0;0;0;0;21;5;16;0;24;10;2188;515;1631;0;2381;1023
0;0;0;0;0;0;0;0;1;0;0;0;20;5;16;0;22;10;2170;515;1668;0;2321;1045
0;0;0;0;0;0;0;0;0;0;1;0;21;5;16;0;26;11;2170;516;1656;0;2345;1030
0;0;0;0;0;0;0;0;0;0;0;1;23;6;15;0;21;10;2203;524;1653;0;2361;1025
0;0;0;0;0;0;0;0;0;0;1;0;21;5;16;0;22;10;2254;519;1652;1;2388;1029
0;0;0;0;0;0;0;0;0;0;0;0;21;5;14;0;22;10;2184;514;1666;0;2354;1040
0;0;0;0;0;0;1;0;0;0;0;0;31;7;15;0;23;10;2222;521;1646;0;2370;1028
0;0;0;0;0;0;0;1;0;0;0;0;20;5;18;0;26;12;2173;511;1648;0;2366;1039
0;0;0;0;0;0;0;0;0;0;1;0;22;5;16;0;22;11;2195;530;1692;0;2344;1024
0;0;0;0;0;0;0;0;0;0;0;0;22;4;16;0;21;10;2153;506;1639;1;2347;1028
0;0;0;0;0;0;1;0;0;0;0;0;21;6;15;1;24;11;2173;522;1650;0;2350;1041
0;0;0;0;0;0;0;0;0;0;0;0;21;5;17;0;25;9;2182;524;1647;1;2340;1044
0;0;0;0;0;0;0;0;0;0;0;1;22;5;16;0;22;11;2216;522;1660;0;2787;1059
0;0;0;0;0;0;1;0;0;0;0;1;23;5;15;0;24;8;2185;532;1644;0;2359;1025
0;0;0;0;0;0;0;0;0;0;0;0;21;5;16;0;23;10;2180;515;1638;0;2332;1040
0;0;0;0;0;0;0;0;0;0;1;0;21;6;16;0;22;10;2180;772;3362;0;3179;1071
0;0;0;0;0;0;1;0;0;0;0;0;23;6;16;0;24;11;2265;530;1666;0;2513;1060
0;0;0;0;0;0;0;0;0;0;1;0;22;5;16;0;23;10;2200;602;1673;0;2506;1066
0;0;0;0;0;0;0;0;0;0;1;0;23;5;17;0;23;11;2252;515;1671;0;2689;1106
0;0;0;0;0;0;0;0;0;0;1;0;21;5;17;0;25;12;2229;533;1852;0;2689;1055
0;0;0;0;0;0;0;0;0;0;1;0;23;6;16;0;22;9;2219;513;1645;0;2384;1029
0;0;0;0;0;0;1;0;0;0;0;0;21;5;16;0;24;10;2200;526;1650;0;2391;1041
0;0;0;0;0;0;0;0;0;0;1;0;23;4;16;0;24;10;2213;532;1635;0;2332;1078
0;0;0;0;0;0;0;0;0;0;1;0;21;5;17;0;23;11;2210;511;1645;0;2384;1042
1;0;0;0;0;0;0;0;0;0;0;0;21;4;16;0;24;10;2197;526;1645;0;2339;1028
0;0;0;0;0;0;1;0;0;0;0;0;24;5;15;0;21;10;2172;519;1655;0;2307;1051
0;0;0;0;0;0;0;0;0;0;1;0;21;5;17;0;23;10;2214;524;1623;0;2338;1033
0;0;0;0;0;0;1;0;0;0;0;0;22;5;15;0;27;10;2204;510;1646;0;2352;1053
0;0;0;0;0;0;0;0;0;0;0;0;20;5;17;0;26;11;2189;524;1654;1;2359;1045
0;0;0;0;0;0;0;0;0;0;1;0;20;5;16;0;23;10;2200;525;1650;0;2329;1036
0;0;0;0;0;0;1;0;0;0;0;0;24;5;17;0;24;10;2205;510;1650;0;2394;1035
0;0;0;0;0;0;1;0;0;0;0;0;21;5;17;0;22;10;2194;523;1659;0;2636;1029
0;0;0;0;0;0;0;0;0;0;0;0;22;5;16;0;25;12;2188;511;1638;0;2345;1044
0;0;0;0;0;0;0;0;0;0;0;1;23;6;18;0;22;10;2176;522;1651;0;2340;1042
0;0;0;0;0;0;1;0;0;0;0;0;21;5;15;0;23;9;2167;522;1638;0;2317;1032
0;0;0;0;0;0;0;0;0;0;1;0;21;5;16;0;21;11;2199;522;1633;0;2349;1031
0;0;0;0;0;0;0;0;0;0;0;0;22;5;18;0;24;10;2172;512;1645;0;2357;1034
0;0;0;0;0;0;0;0;1;0;0;0;21;4;18;0;26;12;2170;515;1625;0;2366;1044
0;0;0;0;0;0;1;0;0;0;0;0;24;6;16;1;21;10;2191;513;1657;0;2333;1040
0;0;0;0;0;0;0;0;0;0;0;0;21;5;15;1;22;10;2172;527;1649;1;2325;1028
0;0;0;0;0;0;1;0;0;0;0;0;21;5;16;0;23;11;2157;522;1629;0;2647;1030
0;0;0;0;0;0;0;0;0;0;1;0;20;6;17;0;25;12;2204;520;1660;0;2435;1039
0;0;0;0;0;0;1;0;0;0;0;0;22;6;16;0;25;10;2194;520;1655;0;2344;1045
0;0;0;0;0;0;0;0;0;0;0;1;20;6;17;0;25;11;2182;520;1642;0;2374;1060
0;0;0;0;0;0;0;1;0;0;0;0;21;6;16;1;23;10;2205;512;1656;0;2364;1031
0;0;0;0;0;0;1;0;0;0;0;1;23;6;16;0;24;11;2184;520;1648;0;2343;1045
0;0;0;0;0;0;0;0;0;0;0;1;24;5;16;0;22;10;2205;515;1656;0;2371;1023
0;0;0;0;0;0;1;0;0;0;0;0;24;5;16;0;26;10;2206;520;1632;0;2325;1123
0;0;0;0;0;0;0;0;0;0;0;1;24;6;18;0;24;11;2193;517;1647;0;2363;1020
0;0;0;0;0;0;0;0;1;0;0;0;23;5;17;0;25;11;2226;511;1626;0;2326;1026
0;0;0;0;0;0;0;0;0;0;0;0;22;5;17;0;22;10;2158;524;1643;0;2347;1031
0;0;0;0;0;0;0;0;0;0;1;0;22;6;17;0;25;11;2184;509;1655;1;2339;1045
0;0;0;0;0;0;0;0;0;0;1;0;20;5;15;0;25;11;2195;522;1643;0;2326;1040
0;0;0;0;0;0;1;0;0;0;0;0;22;6;17;0;23;11;2197;528;1638;0;2336;1033
0;0;0;0;0;0;0;0;0;0;1;0;22;5;16;0;23;9;2313;519;1659;1;2347;1028
0;0;0;0;0;0;0;0;0;0;0;0;23;6;17;0;24;11;2188;517;1659;0;2365;1025
0;0;0;0;0;0;0;0;0;0;1;0;23;6;18;0;27;11;2201;533;1655;1;2349;1063
0;0;0;0;0;0;1;0;0;0;0;1;31;8;25;0;31;13;2202;525;1660;1;2318;1036
0;0;0;0;0;0;0;0;0;0;0;1;23;6;17;0;23;11;2169;515;1651;0;2359;1050
0;0;0;0;0;0;0;0;0;0;0;1;20;6;16;0;22;11;2195;520;1654;0;2344;1050
0;0;0;0;0;0;0;0;0;0;0;0;24;5;15;0;22;10;2164;526;1661;0;2370;1035
0;0;0;0;0;0;0;0;0;0;1;0;23;5;17;0;22;10;2200;522;1610;0;2356;1025
0;0;0;0;0;0;0;0;0;0;1;0;21;5;16;0;24;12;2191;506;1649;0;2356;1077
0;0;0;0;0;0;0;0;1;0;0;0;22;5;16;0;23;10;2178;515;1668;1;2340;1047
0;0;0;0;0;0;0;0;0;0;1;0;20;4;15;0;23;10;2190;522;1662;0;2314;1034
0;0;0;0;0;0;0;0;0;0;0;1;20;5;16;0;27;11;2172;510;1660;1;2319;1027
0;0;0;0;0;0;0;0;0;0;0;0;22;6;17;0;25;10;2168;512;1660;1;2379;1073
0;0;0;0;0;0;0;0;1;0;0;0;22;5;17;0;24;11;2188;505;1639;0;2322;1034
0;0;0;0;0;0;0;0;0;0;1;0;23;6;18;0;23;9;2166;519;1638;1;2329;1030
0;0;0;0;0;0;0;0;0;0;0;1;21;5;17;0;23;11;2196;529;1651;1;2400;1038
0;0;0;0;0;0;1;0;0;0;0;0;22;5;18;0;26;10;2217;533;1616;0;2324;1032
0;0;0;0;0;0;0;0;1;0;0;0;21;5;17;0;23;10;2177;525;1660;0;2357;1036
0;0;0;0;0;0;0;0;0;0;1;0;24;5;17;0;22;11;2239;540;1623;0;2401;1038
0;0;0;0;0;0;0;1;0;0;0;0;23;5;17;0;25;9;2177;522;1660;0;2358;1012
0;0;0;0;0;0;1;0;0;0;0;0;23;6;16;0;25;12;2209;536;1658;0;2392;1034
0;0;0;0;0;0;0;0;1;0;0;0;24;5;18;0;26;11;2169;520;1660;0;2341;1019
0;0;0;0;0;0;1;0;0;0;0;0;22;6;17;0;23;9;2184;524;1661;0;2327;1049
0;0;0;0;0;0;0;0;0;1;0;0;22;5;16;0;25;11;2177;528;1627;0;2329;1035
0;0;0;0;0;0;0;0;0;0;1;0;21;5;17;0;22;15;2212;507;1635;0;2340;1043
0;0;0;0;0;0;0;0;0;0;1;0;21;4;16;0;23;10;2177;514;1620;0;2332;1097
0;0;0;0;0;0;0;0;1;0;0;0;24;5;17;0;22;11;2197;512;1654;0;2344;1023
0;0;0;0;0;0;0;0;1;0;0;0;20;4;17;0;24;11;2174;526;1655;0;2316;1039
0;0;0;0;0;0;1;0;0;0;0;0;23;6;15;1;23;10;2193;513;1638;0;2366;1034
0;0;0;0;0;0;1;0;0;0;0;0;21;5;16;0;25;12;2152;520;1634;0;2333;1021
0;0;0;0;0;0;0;0;0;0;1;0;22;5;17;0;23;11;2188;528;1641;0;2362;1035
0;1;0;0;0;0;0;0;0;0;0;0;21;5;15;0;26;11;2167;516;1656;0;2345;1030
0;0;0;0;0;0;0;0;0;0;1;0;21;5;16;0;23;11;2167;514;1630;1;2365;1035
0;0;0;0;0;0;0;0;0;0;0;1;21;5;17;0;25;11;2167;513;1648;1;2338;1057
0;0;0;0;0;0;1;0;0;0;0;0;21;6;15;0;23;10;2150;519;1633;0;2331;1033
0;0;0;0;0;0;1;0;0;0;0;0;21;5;15;0;22;11;2174;522;1647;0;2302;1037
0;0;0;0;0;0;0;1;0;0;0;0;23;4;15;0;23;11;2184;507;1642;1;2373;1026
0;0;0;0;0;0;0;0;1;0;0;0;22;6;18;0;26;11;2152;514;1662;0;2343;1055
0;0;0;0;0;0;1;0;0;0;0;0;22;5;16;0;23;11;2228;512;1621;0;2330;1039
0;0;0;0;0;0;0;0;0;0;0;0;22;5;15;0;22;11;2162;513;1629;0;2331;1028
0;0;0;0;0;0;1;0;0;0;0;0;22;6;16;0;24;11;2173;509;1643;0;2347;1029
0;0;0;0;0;0;1;0;0;0;0;0;21;6;16;0;23;11;2169;507;1719;1;2354;1051
0;0;0;0;0;0;0;0;1;0;0;0;23;5;17;0;25;11;2190;528;1667;1;2379;1032
0;0;0;0;0;0;0;0;1;0;0;0;21;6;16;0;23;11;2188;519;1639;0;2346;1032
0;0;0;0;0;0;1;0;0;0;0;0;22;5;16;0;23;10;2190;515;1649;0;2349;1047
0;0;0;0;0;0;0;0;0;0;0;0;19;5;17;0;24;10;2168;509;1623;1;2352;1059
0;0;0;0;0;0;1;0;0;0;0;0;23;4;15;0;22;10;2170;510;1641;0;2334;1033
0;0;0;0;0;0;0;0;0;0;1;0;21;5;15;0;25;10;2174;531;1631;0;2364;1023
0;0;0;0;0;0;0;0;1;0;0;0;22;5;16;0;24;10;2204;515;1641;0;2341;1037
0;0;0;0;0;0;1;0;0;0;0;0;21;6;15;0;24;10;2188;523;1640;0;2336;1026
0;0;0;0;0;0;1;0;0;0;0;0;24;6;18;0;24;11;2168;529;1640;0;2356;1024
0;0;0;0;0;0;0;1;0;0;0;0;20;6;16;0;23;11;2180;517;1696;0;2339;1028
0;0;0;0;0;0;0;0;0;0;0;1;21;4;17;0;24;11;2166;515;1664;0;2356;1043
0;0;0;0;0;0;0;0;0;0;1;0;21;5;16;0;23;10;2172;519;1666;0;2335;1031
0;0;0;0;0;0;0;1;0;0;0;0;24;6;16;0;23;10;2172;519;1636;1;2339;1029
0;0;0;0;0;0;0;0;0;0;0;0;21;5;16;0;24;9;2194;503;1641;0;2344;1025
0;0;0;0;0;0;0;0;0;0;0;1;22;5;16;0;24;11;2216;522;1645;0;2360;1039
0;0;0;0;0;0;0;0;0;0;0;0;20;5;16;0;23;10;2184;516;1627;0;2362;1039
0;0;0;0;0;0;1;0;0;0;1;0;24;5;16;0;25;9;2164;523;1656;0;2334;1041
0;0;0;0;0;0;0;0;1;0;0;0;21;7;17;0;22;9;2196;522;1634;0;2334;1038
0;0;0;0;0;0;0;0;1;0;0;0;23;5;18;0;24;10;2158;526;1652;0;2346;1041
0;0;0;0;0;0;0;0;0;0;0;0;22;5;17;0;26;11;2457;646;1807;0;2380;1036
0;0;0;0;0;0;0;0;0;0;0;1;23;5;18;0;26;12;2187;536;1632;0;2345;1048
0;0;0;0;0;0;0;0;0;0;1;0;20;4;17;0;23;9;2197;518;1695;1;2345;1033
0;0;0;0;0;0;0;1;0;0;0;0;21;6;16;0;24;11;2195;591;1648;1;2367;1017
0;0;0;0;0;0;0;0;0;0;0;0;22;6;17;0;25;13;2217;523;1654;0;2348;1040
0;0;0;0;0;0;1;0;0;0;0;0;21;4;15;0;25;11;2179;525;1643;0;2344;1024
0;0;0;0;0;0;0;0;0;0;0;0;21;5;17;0;24;11;2174;531;1651;0;2360;1048
0;0;0;0;0;0;0;0;1;0;0;0;21;5;15;0;23;10;2184;514;1662;0;2670;1044
0;0;0;0;0;0;0;0;1;0;0;0;22;6;18;0;25;12;2217;522;1636;0;2407;1035
0;0;0;0;0;0;0;0;0;0;0;0;20;5;16;0;23;10;2203;533;1658;0;2396;1030
0;0;0;0;0;0;0;0;0;0;0;1;22;6;17;0;27;10;2181;513;1655;1;2331;1046
0;0;0;0;0;0;1;0;0;0;0;0;24;5;17;0;21;10;2201;520;1656;1;2367;1026
0;0;0;0;0;0;0;0;1;0;0;0;22;6;16;1;24;11;2206;526;1638;0;2343;1035
0;0;0;0;0;0;0;0;1;0;0;0;22;5;16;0;24;11;2185;509;1657;0;2316;1037
0;0;0;0;0;0;0;0;0;0;0;1;21;6;18;0;24;11;2173;517;1629;0;2333;1034
0;0;0;0;0;0;0;1;0;0;0;0;22;5;15;0;24;11;2211;529;1642;0;2318;1046
0;0;0;0;0;0;1;0;0;0;0;0;21;6;16;0;22;10;2177;514;1646;0;2330;1008
0;0;0;0;0;0;0;0;1;0;0;0;22;5;15;0;24;10;2185;516;1626;0;2326;1030
0;0;0;0;0;0;0;0;0;0;0;0;22;5;16;0;24;12;2169;509;1643;0;2423;1048
0;0;0;0;0;0;0;0;0;0;1;0;23;6;17;0;21;10;2161;520;1631;0;2325;1050
0;0;0;0;0;0;0;0;1;0;0;0;22;5;17;0;23;10;2171;516;1623;0;2338;1046
0;0;0;0;0;0;0;1;0;0;0;0;24;5;15;0;23;9;2185;519;1638;0;2333;1057
0;0;0;0;0;0;0;0;0;0;0;0;24;5;16;0;25;11;2170;518;1647;0;2322;1042
0;0;0;0;0;0;0;0;0;0;0;0;22;5;17;0;24;10;2164;506;1642;0;2351;998
0;0;0;0;0;0;0;0;0;0;0;1;21;5;16;0;25;11;2177;512;1615;0;2323;1017
0;0;0;0;0;0;1;0;0;0;0;0;22;5;17;0;24;11;2156;517;1680;0;2366;1056
0;0;0;0;0;0;0;0;0;0;0;0;23;5;16;0;22;10;2207;524;1653;0;2331;1012
0;0;0;0;0;0;0;0;0;0;0;0;21;5;16;0;22;10;2168;536;1637;0;2640;1029
0;0;0;0;0;0;0;0;1;0;0;0;23;5;16;0;24;10;2168;513;1632;0;2337;1020
0;0;0;0;0;0;1;0;0;0;0;0;24;6;15;0;21;10;2167;512;1636;0;2354;1039
0;0;0;0;0;0;0;0;0;0;1;0;24;6;17;0;23;10;2201;526;1656;0;2336;1116
0;0;0;0;0;0;0;0;0;0;0;0;22;5;19;0;24;10;2179;524;1639;0;2348;1056
0;0;0;0;0;0;1;0;0;0;0;0;21;5;15;0;22;10;2184;526;1638;0;2342;1021
0;0;0;0;0;0;0;0;1;0;0;0;22;5;17;0;24;10;2198;512;1641;0;2369;1058
0;0;0;0;0;0;0;0;0;0;0;0;20;5;16;0;22;11;2191;513;1660;0;2322;1036
0;0;0;0;0;0;0;0;0;0;1;0;21;5;16;0;23;10;2214;523;1673;0;2330;1055
0;0;0;0;0;0;0;0;0;0;1;0;22;5;17;0;23;11;2199;533;1652;0;2356;1041
0;0;0;0;0;0;0;0;0;0;0;0;23;5;17;0;25;11;2189;522;1634;0;2354;1035
0;0;0;0;0;0;0;0;0;0;0;0;22;6;18;0;24;9;2168;536;1657;0;2384;1036
0;0;0;0;0;0;0;0;0;0;1;0;23;5;17;0;24;9;2202;527;1641;0;2330;1053
0;0;0;0;0;0;1;0;0;0;0;0;21;5;17;0;24;10;2173;529;1662;0;2355;1060
0;0;0;0;0;0;1;0;0;0;0;1;23;6;16;0;26;9;2291;515;1651;0;2442;1046
0;0;0;0;0;0;0;0;0;0;1;0;22;5;17;0;23;11;2193;529;1642;1;2362;1047
0;0;0;0;0;0;0;0;0;0;0;0;24;5;17;0;24;10;2177;517;1653;1;2349;1025
0;0;0;0;0;0;1;0;0;0;0;0;22;5;16;0;22;10;2166;521;1645;0;2376;1045
0;0;0;0;0;0;0;0;0;0;1;0;21;5;16;0;24;10;2207;535;1631;0;2343;1060
0;0;0;0;0;0;0;0;0;0;0;0;20;6;18;0;29;11;2183;503;1664;0;2333;1022
0;0;0;0;0;0;0;0;0;0;0;1;22;5;16;0;25;10;2166;512;1632;1;2347;1050
0;0;0;0;0;0;0;0;0;0;1;0;22;5;17;0;21;10;2166;511;1802;0;2342;1039
0;0;0;0;0;0;0;0;0;0;0;0;22;6;17;0;26;11;2178;518;1650;1;2327;1050
0;0;0;0;0;0;1;0;0;0;0;0;23;5;18;1;25;9;2165;517;1716;0;2322;1033
0;0;0;0;0;0;0;0;0;0;0;1;20;6;16;0;24;11;2171;509;1753;0;2355;1038
0;0;0;0;0;0;0;0;0;0;1;0;20;6;18;0;24;10;2171;534;1644;0;2338;1034
0;0;0;0;0;0;1;0;0;0;0;0;21;5;15;0;22;11;2156;519;1648;0;2343;1026
0;0;0;0;0;0;0;0;0;0;0;1;21;6;17;0;24;10;2178;539;1633;0;2300;1043
0;0;0;0;1;0;0;0;0;0;0;0;20;5;15;0;22;10;2156;518;1617;1;2316;1052
0;0;0;0;0;0;0;0;1;0;0;0;21;5;18;0;27;11;2165;509;1634;1;2331;1095
0;0;0;0;0;0;0;0;0;0;0;0;22;5;17;0;24;10;2175;506;1681;0;2346;1039
0;0;0;0;0;0;0;0;0;0;0;1;22;5;16;0;22;10;2186;527;1641;1;2303;1056
0;0;0;0;0;0;1;0;0;0;0;0;21;5;16;0;23;10;2169;521;1648;0;2356;1024
0;0;0;0;0;0;0;0;0;0;1;0;22;6;17;0;25;11;2170;510;1631;0;2333;1027
0;0;0;0;0;0;0;0;0;0;0;1;20;5;16;0;24;10;2200;524;1637;0;2333;1038
0;0;0;0;0;0;0;0;0;0;0;0;22;5;16;0;24;11;2147;518;1644;1;2344;1034
0;0;0;0;0;0;0;0;0;0;1;0;25;5;15;0;22;9;2194;511;1635;1;2301;1038
0;0;0;0;0;0;0;0;0;0;1;0;22;6;19;0;26;12;2177;531;1643;0;2328;1054
0;0;0;0;0;0;0;0;1;0;0;0;21;4;16;0;27;10;2260;513;1627;0;2354;1022
0;0;0;0;0;0;1;0;0;0;0;0;22;6;16;0;23;10;2139;503;1651;0;2321;1032
0;0;0;0;0;0;1;0;0;0;0;0;23;5;17;0;25;12;2159;511;1645;1;2307;1028
0;0;0;0;0;0;1;0;0;0;0;0;21;5;16;0;23;11;2144;516;1656;0;2348;1029
0;0;0;0;0;0;0;0;0;0;0;0;22;5;16;0;24;12;2153;514;1637;0;2334;1020
0;0;0;0;0;0;0;0;0;0;1;0;22;4;14;0;22;10;2167;518;1633;0;2316;1032
0;0;0;0;0;0;1;0;0;0;0;0;21;5;16;0;25;11;2151;522;1640;0;2355;1045
0;0;0;0;0;0;0;0;0;0;1;0;21;5;16;0;22;12;2172;522;1633;1;2358;1018
0;0;0;0;0;0;0;0;0;0;0;0;22;5;15;0;22;10;2154;517;1626;0;2320;1014
0;0;0;0;0;0;0;0;1;0;0;0;21;5;16;0;26;10;2167;512;1637;0;2357;1031
0;0;0;0;0;0;0;0;0;0;0;0;22;5;17;0;22;10;2162;508;1642;0;2351;1028
0;0;0;0;0;0;0;0;0;0;0;1;21;4;16;0;23;11;2173;511;1632;0;2348;1030
0;0;0;0;0;0;1;0;0;0;0;0;24;5;15;0;21;11;2173;517;1629;1;2308;1027
0;0;0;0;0;0;1;0;0;0;0;0;22;6;17;0;26;12;2154;519;1639;0;2303;1036
0;0;0;0;0;0;1;0;0;0;0;0;24;5;19;0;23;10;2217;511;2096;0;2362;1427
0;0;0;0;0;0;1;0;0;0;0;0;23;6;17;0;26;12;2237;531;1683;0;2371;1035
0;0;0;0;0;0;0;0;0;0;0;0;21;5;16;0;23;11;2207;520;1655;0;2333;1037
0;0;0;0;0;0;0;0;0;0;1;0;20;6;16;0;24;10;2171;631;1651;0;2327;1021
0;0;0;0;0;0;0;0;0;0;1;0;20;5;16;0;24;11;2179;504;1652;0;2339;1040
0;0;0;0;0;0;1;0;0;0;0;0;22;6;16;0;23;10;2201;513;1635;1;2323;1165
0;0;0;0;0;0;0;0;1;0;0;0;24;4;16;0;24;10;2178;528;1632;0;2337;1017
0;0;0;0;0;0;0;0;0;0;1;0;23;5;24;0;24;10;2174;511;1642;0;2325;1022
0;0;0;0;0;0;0;0;1;0;0;0;20;5;15;0;22;10;2156;516;1652;0;2335;1020
0;0;0;0;0;0;0;0;1;0;0;0;20;5;16;0;24;9;2173;517;1633;1;2342;1038
0;0;0;0;0;0;1;0;0;0;0;0;21;6;16;0;24;11;2156;512;1625;0;2323;1034
0;0;0;0;0;0;1;0;0;0;0;0;22;5;16;0;23;10;2182;517;1648;0;2376;1030
0;0;0;0;0;0;0;0;1;0;0;0;23;5;16;0;25;9;2184;508;1637;0;2349;1037
0;0;0;0;0;0;1;0;0;0;0;0;22;5;17;0;24;10;2180;518;1648;0;2347;1008
0;0;0;0;0;0;0;0;0;0;0;1;21;6;15;0;24;9;2194;536;1644;1;2339;1046
0;0;0;0;0;0;0;0;0;0;0;0;20;6;16;1;24;12;2172;513;1629;0;2343;1029
0;0;0;0;0;0;0;0;1;0;0;0;23;5;19;0;26;11;2163;564;1656;0;2331;1037
0;0;0;0;0;0;1;0;0;0;0;0;21;5;18;0;24;11;2147;535;1647;0;2335;1042
0;0;0;0;0;0;0;0;1;0;0;0;21;5;17;0;25;11;2172;511;1635;1;2343;1023
0;0;0;0;0;0;0;0;0;0;0;1;23;5;18;0;25;10;2207;518;1645;0;2330;1030
0;0;0;0;0;0;0;0;0;0;1;0;20;5;16;0;23;10;2172;515;1682;0;2589;1027
0;0;0;0;0;0;0;0;1;0;0;0;22;4;17;0;26;9;2203;524;1631;0;2351;1006
0;0;0;0;0;0;0;0;1;0;0;0;24;6;17;0;21;10;2164;520;1634;0;2311;1016
0;0;0;0;0;0;1;0;0;0;0;0;22;5;17;0;24;10;2186;517;1637;0;2341;1022
0;0;0;0;0;0;0;0;0;0;0;0;22;6;17;0;23;11;2167;527;1647;1;2339;1038
0;0;0;0;0;0;0;1;0;0;0;0;22;5;15;0;25;11;2175;522;1635;0;2336;1031
0;0;0;0;0;0;0;0;0;0;0;0;20;5;16;0;26;11;2152;504;1624;0;2315;1033
0;0;0;0;0;0;0;0;1;0;0;0;20;5;16;0;24;10;2530;679;2265;1;2602;1066
0;0;0;0;0;0;0;0;1;0;0;0;22;5;16;0;24;10;2552;683;2374;1;2694;1052
0;0;0;0;0;0;0;0;0;0;1;0;22;6;17;0;23;12;2212;514;1659;0;2444;1054
0;0;0;0;0;0;0;0;0;0;0;1;21;5;15;0;23;10;2201;532;1671;1;2358;1032
0;0;0;0;0;0;1;0;0;0;0;0;20;5;16;0;22;10;2196;506;1644;1;2414;1123
0;0;0;0;1;0;0;0;0;0;0;1;24;6;19;0;27;12;2216;524;1647;0;2355;1037
0;0;0;0;0;0;0;0;0;0;1;0;23;5;17;0;24;11;2170;509;1661;1;2334;1035
0;0;0;0;0;0;0;0;0;0;1;0;23;5;18;0;25;9;2224;523;1639;0;2346;1046
0;0;0;0;0;0;0;0;1;0;0;0;22;6;16;0;22;10;2211;522;1677;1;2328;1020
0;0;0;0;0;0;0;0;0;0;0;0;24;6;19;0;26;11;2186;523;1613;0;2319;1034
0;0;0;0;0;0;0;0;1;0;0;0;22;6;18;0;24;10;2136;525;1636;1;2328;1025
0;0;0;0;0;0;1;0;0;0;0;0;21;5;17;0;23;10;2194;513;1642;1;2347;1126
0;0;0;0;0;0;0;0;0;0;1;0;27;7;17;0;22;11;2178;511;1649;0;2356;1039
0;0;0;0;0;0;0;0;0;0;0;1;21;5;16;0;23;10;2174;525;1638;0;2341;1059
0;0;0;0;0;0;1;0;0;0;0;0;24;5;16;0;23;10;2203;526;1647;1;2455;1044
0;0;0;0;0;0;0;0;1;0;0;0;19;4;16;0;23;10;2205;514;1629;0;2342;1026
0;0;0;0;0;0;1;0;0;0;0;0;22;4;15;0;22;10;2177;518;1643;0;2335;1028
0;0;0;0;0;0;0;0;0;0;0;0;21;6;17;0;25;10;2174;513;1660;0;2368;1031
0;0;0;0;0;0;0;0;0;0;0;0;21;5;15;0;24;11;2185;516;1622;0;2398;1024
0;0;0;0;0;0;1;0;0;0;0;0;21;5;17;0;26;10;2170;513;1636;0;2329;1030
0;0;0;0;0;0;0;0;0;0;0;0;23;5;17;0;21;11;2181;520;1618;1;2328;1051
0;0;0;0;0;0;1;0;0;0;0;0;21;5;17;0;24;11;2203;532;1638;0;2307;1039
0;0;0;0;0;0;0;0;1;0;0;0;19;5;16;0;23;10;2158;512;1636;1;2331;1034
0;0;0;0;0;0;1;0;0;0;0;0;20;5;17;0;24;9;2196;539;1610;0;2332;1029
0;0;0;0;0;0;0;0;1;0;0;0;24;6;18;0;26;11;2168;534;1639;1;2300;1037
0;0;0;0;0;0;1;0;0;0;0;0;20;5;15;0;22;11;2144;530;1647;0;2437;1045
0;0;0;0;0;0;0;0;0;0;0;0;20;5;16;0;23;9;2165;518;1649;0;2341;1038
0;0;0;0;0;0;0;0;1;0;0;0;21;6;16;0;24;11;2239;582;1653;0;2361;1036
0;0;0;0;0;0;0;0;0;0;0;0;22;5;16;0;23;10;2162;522;1640;0;2350;1036
0;0;0;0;0;0;0;0;0;0;1;0;20;6;17;0;22;10;2195;509;1660;0;2326;1009
0;0;0;0;0;0;0;0;1;0;0;0;21;5;16;0;23;12;2249;521;1625;0;2333;1039
0;0;0;0;0;1;0;0;0;0;0;1;23;6;17;0;22;10;2167;525;1694;0;2302;1036
0;0;0;0;0;0;0;0;0;0;0;1;22;6;16;0;22;10;2180;512;1640;0;2358;1034
0;0;0;0;0;0;1;0;0;0;0;0;22;6;17;0;23;9;2169;510;1647;0;2308;1035
0;0;0;0;0;0;0;0;0;0;1;0;20;5;16;0;24;12;2181;506;1629;0;2352;1019
0;0;0;0;0;0;1;0;0;0;0;0;23;6;18;0;23;9;2173;509;1639;1;2313;1027
0;0;0;0;0;0;0;0;0;0;1;0;22;5;17;0;24;10;2170;510;1648;0;2295;1032
0;0;0;0;0;0;1;0;0;0;0;0;24;5;14;0;22;11;2144;522;1677;0;2330;1038
0;0;0;0;0;0;0;0;0;0;1;0;26;6;18;0;22;10;2196;515;1624;0;2304;1022
0;0;0;0;0;0;0;0;0;0;1;0;23;5;18;0;22;10;2174;530;1651;1;2314;1031
0;0;0;0;0;0;0;0;0;0;0;1;22;5;17;0;21;10;2158;510;1647;1;2319;1014
0;0;0;0;0;0;0;1;0;0;0;0;21;5;16;0;23;10;2168;526;1629;0;2354;1037
0;0;0;0;0;0;0;0;0;0;1;0;21;6;16;0;25;8;2163;524;1639;0;2311;1026
0;0;0;0;0;0;0;0;0;0;0;0;23;5;18;0;26;12;2160;532;1635;0;2333;1043
0;0;0;0;0;0;0;0;1;0;0;0;22;5;15;0;21;9;2209;518;1678;0;2349;1036
0;0;0;0;0;0;0;0;0;0;0;1;21;7;17;0;24;11;2184;525;1727;0;2348;1029
0;0;0;0;0;0;0;0;0;0;0;1;19;4;15;0;23;10;2147;521;1642;0;2319;1038
0;0;0;0;0;0;0;0;1;0;0;0;24;6;18;0;22;10;2159;504;1652;0;2321;1026
0;0;0;0;0;0;1;0;0;0;0;0;22;5;15;0;23;10;2153;503;1635;0;2324;1029
0;0;0;0;0;0;0;0;0;0;0;0;21;5;16;0;23;10;2163;530;1646;0;2364;1025
0;0;0;0;0;0;0;0;1;0;0;0;21;4;15;0;24;10;2190;523;1732;1;2337;1030
0;0;0;0;0;0;1;0;0;0;0;0;20;5;16;0;23;11;2152;522;1647;0;2333;1029
0;0;0;0;0;0;0;0;0;0;1;0;22;6;18;0;26;12;2145;507;1634;1;2326;1036
0;0;0;0;0;0;0;0;0;0;1;0;22;5;18;0;25;9;2175;526;1673;0;2334;1035
0;0;0;0;0;0;0;0;0;0;0;0;20;5;16;0;22;10;2210;508;1636;0;2344;1025
0;0;0;0;0;0;0;0;0;0;0;1;20;4;16;0;24;10;2163;520;1631;0;2347;1052
0;0;0;0;0;0;1;0;0;0;0;0;20;5;16;0;24;11;2181;514;1638;0;2340;1020
0;0;0;0;0;0;0;0;0;0;1;0;20;5;16;0;23;10;2163;520;1651;0;2338;1028
0;0;0;0;0;0;0;0;0;0;1;0;22;5;16;0;23;10;2166;509;1662;0;2328;1008
0;0;0;0;0;0;0;1;0;0;0;0;23;6;16;0;22;10;2182;519;1641;0;2307;1024
0;0;0;0;0;0;0;0;0;0;0;1;21;4;15;0;23;11;2161;524;1608;0;2329;1023
0;0;0;0;0;0;0;0;0;0;0;0;21;6;16;0;24;10;2164;513;1647;0;2341;1025
0;0;0;0;0;0;0;0;0;0;0;0;23;5;17;0;24;10;2196;527;1647;0;2345;1024
0;0;0;0;0;0;0;0;0;0;1;0;20;5;15;0;23;10;2171;526;1660;1;2332;1047
0;0;0;0;0;0;0;0;0;0;0;0;23;6;16;0;22;11;2172;510;1690;0;2361;1032
0;0;0;0;0;0;0;0;1;0;0;0;23;5;19;0;21;11;2180;518;1634;1;2380;1035
0;0;0;0;0;0;1;0;0;0;0;0;23;6;15;0;22;10;2177;514;1648;0;2325;1044
0;0;0;0;0;0;0;0;1;0;0;0;20;6;15;0;23;10;2168;520;1651;0;2363;1041
0;0;0;0;0;0;0;0;1;0;0;0;21;5;16;0;23;10;2202;522;1645;0;2378;1043
0;0;0;0;0;0;1;0;0;0;0;0;21;5;17;0;24;10;2175;513;1634;0;2354;1039
0;0;0;0;0;0;0;0;0;0;0;0;21;5;16;0;22;9;2174;511;1614;1;2357;1030
0;0;0;0;0;0;0;0;0;0;0;1;20;5;15;0;22;10;2140;520;1649;0;2308;1041
0;0;0;0;0;0;0;0;0;0;0;1;20;5;15;0;24;11;2159;504;1643;0;2368;1050
0;0;0;0;0;0;0;0;0;0;0;0;22;5;18;0;26;12;2191;540;1693;0;2443;1037
0;0;0;0;0;0;0;0;0;0;0;1;20;5;16;0;25;11;2171;525;1646;0;2328;1035
0;0;0;0;0;0;0;0;0;0;1;0;21;5;16;0;25;10;2161;517;1667;0;2332;1039
0;0;0;0;0;0;1;0;0;0;0;0;21;5;17;0;24;11;2166;527;1656;0;2335;1033
0;0;0;0;0;0;0;0;1;0;0;0;23;6;17;0;25;11;2167;521;1618;1;2347;1034
0;0;0;0;0;0;1;0;0;0;0;0;23;5;18;0;23;10;2166;522;1654;0;2344;1016
0;0;0;0;0;0;0;0;0;0;0;0;22;5;16;0;23;11;2164;514;1639;0;2340;1032
0;0;0;0;0;0;0;0;0;0;0;1;21;6;16;0;23;10;2208;517;1615;0;2343;1022
0;0;0;0;0;0;1;0;0;0;0;0;24;6;18;0;27;12;2161;520;1644;1;2327;1029
0;0;0;0;0;0;1;0;0;0;0;0;24;6;18;0;24;10;2175;515;1653;1;2319;1047
0;0;0;0;0;0;0;0;0;0;1;0;22;5;17;0;24;11;2186;527;1648;1;2386;1044
0;0;0;0;0;0;0;0;0;0;0;0;20;5;17;0;24;11;2166;519;1663;0;2349;1031
0;0;0;0;0;0;0;0;1;0;0;0;23;6;16;0;22;10;2171;514;1642;0;2333;1030
0;0;0;0;0;0;1;0;0;0;0;0;24;5;18;0;25;11;2196;519;1622;0;2358;1014
0;0;0;0;0;0;0;0;0;0;1;0;20;6;16;0;22;10;2171;512;1668;0;2384;1030
0;0;0;0;0;0;0;0;0;0;0;0;22;5;16;0;24;11;2155;521;1639;1;2339;1109
0;0;0;0;0;0;0;0;0;0;1;0;22;5;15;0;22;10;2192;518;1656;0;2327;1023
0;0;0;0;0;0;0;0;1;0;0;0;25;6;15;0;21;10;2203;519;1648;0;2331;1028
0;0;0;0;0;0;0;0;0;0;0;0;22;5;15;0;23;10;2204;513;1642;0;2340;1027
0;0;0;0;0;0;0;0;0;0;0;0;20;5;16;0;23;10;2164;542;1637;0;2334;1047
0;0;0;0;0;0;0;0;0;0;0;0;20;5;19;0;27;9;2173;520;1631;0;2317;1029
0;0;0;0;0;0;0;0;0;0;0;0;21;6;17;0;24;10;2219;528;1644;0;2351;1039
0;0;0;0;0;0;1;0;0;0;0;0;23;6;16;0;27;11;2184;519;1655;0;2322;1047
0;0;0;0;0;0;1;0;0;0;0;0;22;6;16;0;24;10;2179;520;1628;0;2330;1050
0;0;0;0;0;0;0;0;0;0;0;1;22;6;15;0;22;10;2161;509;1656;0;2364;1032
0;0;0;0;0;0;1;0;0;0;0;0;22;6;17;0;25;10;2159;525;1641;0;2342;1069
0;0;0;0;0;0;0;0;0;0;1;0;24;5;17;0;23;10;2158;515;1649;0;2336;1025
0;0;0;0;0;0;0;0;0;0;1;0;21;5;16;0;25;10;2170;509;1637;0;2338;1024
0;0;0;0;0;0;0;0;0;0;0;0;21;6;16;0;23;11;2169;911;2515;1;2578;1059
0;0;0;0;0;0;1;0;0;0;0;0;24;6;17;0;23;10;2286;526;1668;1;2360;1038
0;0;0;0;0;0;0;0;0;0;0;0;27;5;21;0;27;11;2206;527;1642;0;2368;1049
0;0;0;0;0;0;0;1;0;0;0;0;25;5;16;0;23;10;2307;567;1653;0;2375;1058
0;0;0;0;0;0;0;0;1;0;0;0;24;6;17;0;22;10;2174;520;1649;0;2367;1041
0;0;0;0;0;0;0;0;1;0;0;0;20;5;16;0;23;10;2202;520;1633;0;2355;1043
0;0;0;0;0;0;1;0;0;0;0;0;21;5;16;0;23;10;2191;506;1649;1;2347;1024
0;0;0;0;0;0;0;0;0;0;0;0;21;5;15;0;23;10;2184;513;1625;1;2331;1022
0;0;0;0;0;0;0;0;0;0;0;0;21;5;16;0;23;10;2347;538;1633;0;2347;1021
0;0;0;0;0;0;1;0;0;0;0;0;24;5;16;0;22;12;2199;517;1627;0;2336;1022
0;0;0;0;0;0;0;0;0;0;0;1;21;4;17;1;24;11;2203;519;1641;0;2342;1045
0;0;0;0;0;0;0;0;1;0;0;0;21;5;16;1;23;10;2158;532;1625;0;2345;1057
0;0;0;0;0;0;1;0;0;0;0;0;24;5;17;0;22;10;2205;524;1644;0;2344;1021
0;0;0;0;0;0;0;0;0;0;0;1;20;5;16;0;23;10;2189;505;1650;1;2349;1030
0;0;0;0;0;0;0;0;0;0;0;0;21;5;15;0;25;11;2178;530;1646;1;2323;1022
0;0;0;0;0;0;0;0;0;0;1;0;21;5;16;0;24;9;2148;519;1631;0;2340;1031
0;0;0;0;0;0;1;0;0;0;0;0;21;5;16;0;22;10;2181;515;1641;1;2342;1038
0;0;0;0;0;0;0;0;0;0;0;1;22;6;16;0;23;11;2159;520;1659;0;2320;1035
0;0;0;0;0;0;0;0;0;0;1;0;23;6;16;0;22;9;2159;515;1640;0;2369;1020
0;0;0;0;0;0;1;0;0;0;0;0;22;5;16;0;24;11;2178;521;1644;0;2316;1039
0;0;0;0;0;0;1;0;0;0;0;0;23;5;17;0;24;12;2151;518;1627;0;2359;1001
0;0;0;0;0;0;0;0;1;0;0;0;23;6;17;0;22;10;2152;511;1632;1;2335;1040
0;0;0;0;0;0;0;0;0;0;0;0;22;6;16;0;24;11;2193;508;1658;0;2342;1023
0;0;0;0;0;0;0;0;0;0;0;0;23;5;14;0;22;10;2176;515;1640;1;2336;1030
0;0;0;0;0;0;0;0;0;0;0;0;23;5;15;0;26;11;2154;512;1640;0;2322;1030
0;0;0;0;0;0;0;0;1;0;0;0;21;6;17;0;27;11;2173;516;1627;0;2344;1026
0;0;0;0;0;0;0;0;0;0;1;0;21;4;17;0;25;11;2249;514;1636;1;2322;1038
0;0;0;0;0;0;0;1;0;0;0;0;23;6;16;0;22;10;2169;509;1634;0;2333;1014
0;0;0;0;0;0;0;0;1;0;0;0;22;6;16;1;23;10;2206;527;1654;0;2303;1021
0;0;0;0;0;0;0;0;0;0;0;0;24;6;17;0;22;10;2177;510;1626;0;2339;1025
0;0;0;0;0;0;0;0;0;0;1;0;21;5;16;0;24;11;2229;526;1639;0;2322;1023
0;0;0;0;0;0;0;0;0;0;0;0;22;5;17;0;26;11;2150;512;1656;0;2383;1034
0;0;0;0;0;0;1;0;0;0;0;0;20;5;15;0;22;10;2163;519;1630;0;2361;1037
0;0;0;0;0;0;0;0;0;0;1;0;24;6;16;0;24;11;2162;521;1641;0;2357;1034
0;0;0;0;0;0;0;0;0;0;0;0;20;5;16;0;23;11;2223;522;1654;0;2366;1039
0;0;0;0;0;0;0;0;0;0;0;0;21;6;16;0;24;10;2171;519;1649;0;2341;1042
0;0;0;0;0;0;0;0;0;0;0;1;21;5;16;0;23;10;2233;524;1641;0;2362;1034
0;0;1;0;0;0;0;0;0;0;0;0;23;6;17;0;26;12;2181;511;1656;0;2315;1055
0;0;0;0;0;0;0;0;0;0;0;0;21;5;16;0;23;11;2166;517;1648;0;2331;1043
0;0;0;0;0;0;0;0;0;0;1;0;20;5;16;0;24;11;2183;517;1649;0;2301;1035
0;0;0;0;0;0;0;1;0;0;0;0;22;5;16;0;23;11;2171;515;1661;0;2340;1036
0;0;0;0;0;0;1;0;0;0;0;0;22;6;17;0;25;11;2139;517;1688;1;2346;1038
0;0;0;0;0;0;1;0;0;0;1;0;21;5;17;0;21;10;2189;513;1628;0;2351;1034
0;0;0;0;0;0;0;0;0;0;0;0;22;5;16;0;25;12;2186;502;1625;0;2313;1036
0;0;0;0;0;0;0;0;1;0;0;0;21;5;16;0;23;10;2160;520;1624;0;2344;1053
0;0;0;0;0;0;0;0;0;0;0;0;23;6;17;0;23;10;2194;521;1633;0;2334;1062
0;0;0;0;0;0;0;0;1;0;0;0;22;5;17;0;25;11;2159;505;1674;0;2362;1030
0;0;0;0;0;0;0;0;1;0;0;0;23;5;15;0;23;10;2175;520;1670;0;2338;1040
0;0;0;0;0;0;0;0;0;0;0;0;22;6;17;0;23;10;2203;519;1652;1;2327;1020
0;0;0;0;0;0;1;0;0;0;0;0;21;6;16;0;24;11;2181;517;1637;0;2337;1029
0;0;0;0;0;0;1;0;0;0;0;0;23;5;24;0;25;11;2175;517;1662;1;2359;1029
0;0;0;0;0;0;0;0;1;0;0;0;20;6;15;0;23;10;2145;518;1654;0;2342;1013
0;0;0;0;0;0;0;0;0;0;0;0;22;6;15;0;23;11;2168;510;1642;0;2347;1019
0;0;0;0;0;0;0;0;0;0;0;1;23;5;17;0;22;10;2159;518;1628;0;2344;1034
0;0;0;0;0;0;0;0;0;0;0;0;22;5;17;0;25;11;2185;506;1650;0;2347;1044
0;0;0;0;0;0;0;0;0;0;0;0;20;5;16;0;22;11;2141;516;1651;0;2334;1022
0;0;0;0;0;0;0;0;0;0;0;0;21;5;16;0;22;10;2179;523;1632;1;2319;1016
0;0;0;0;0;0;1;0;0;0;0;0;23;5;18;0;23;9;2187;500;1644;0;2341;1052
0;0;0;0;0;0;1;0;0;0;0;0;25;5;17;0;26;11;2169;515;1634;1;2339;1009
0;0;0;0;0;0;0;0;1;0;0;0;21;6;20;0;24;11;2175;514;1626;0;2324;1013
0;0;0;0;0;0;0;0;0;0;0;1;22;5;18;0;26;12;2157;526;1657;0;2295;1026
0;0;0;0;0;0;0;0;0;0;0;1;21;5;16;0;25;12;2201;526;1704;0;2332;1030
0;0;0;0;0;0;0;0;0;0;0;0;21;5;15;0;23;10;2153;534;1628;1;2329;1026
0;0;0;0;0;0;0;0;0;0;0;1;20;5;16;0;24;11;2161;503;1639;0;2304;1035
0;0;0;0;0;0;0;0;0;0;1;0;22;6;17;0;22;11;2169;513;1706;0;2695;1048
0;0;0;0;0;0;0;0;1;0;0;0;22;5;17;0;24;10;2184;510;1630;0;2359;1029
0;0;0;0;0;0;0;0;0;0;1;0;21;5;17;0;23;9;2174;509;1651;0;2337;1034
0;0;0;0;0;0;0;0;0;0;0;0;21;5;16;0;23;9;2158;524;1638;0;2356;1015
0;0;0;0;0;0;0;1;0;0;0;0;21;6;17;0;23;11;2177;527;1638;0;2353;1042
0;0;0;0;0;0;0;0;0;0;1;0;21;5;17;0;23;10;2185;521;1629;0;2353;1020
0;0;0;0;0;0;0;0;1;0;0;0;22;6;16;0;22;11;2192;516;1630;0;2344;1034
0;0;0;0;0;0;0;0;0;0;0;0;23;6;15;0;23;10;2183;512;1639;0;2343;1043
0;0;0;0;0;0;0;0;0;0;1;0;21;5;16;0;24;9;2157;511;1656;0;2361;1099
0;0;0;0;0;0;0;0;1;0;0;0;21;5;17;0;24;11;2177;522;1641;0;2321;1039
0;0;0;0;0;0;0;0;0;0;0;0;24;5;16;1;22;10;2195;505;1666;1;2368;1038
0;0;0;0;0;0;0;0;0;0;1;0;21;4;15;0;22;10;2210;536;1654;0;2334;1034
0;0;0;0;0;0;0;0;1;0;0;0;22;5;16;0;25;12;2182;530;1666;0;2339;1080
0;0;0;0;0;0;0;0;0;0;0;0;24;5;18;0;24;9;2192;512;1656;0;2375;1030
0;0;0;0;0;0;1;0;0;0;0;0;22;6;18;0;22;10;2195;513;1663;0;2339;1046
0;0;0;0;0;0;1;0;0;0;0;0;21;5;17;0;24;11;2173;537;1621;0;2339;1152
0;0;0;0;0;0;0;0;1;0;0;0;24;5;14;0;24;11;2200;534;1651;0;2320;1010
0;0;0;0;0;0;0;0;1;0;0;0;22;5;17;0;24;10;2212;525;1649;1;2354;1029
0;0;0;0;0;0;1;0;0;0;0;0;24;6;18;0;24;12;2184;517;1651;0;2404;1042
0;0;0;0;0;0;0;0;0;0;1;0;21;5;18;0;23;10;2201;521;1622;0;2351;1058
0;0;0;0;0;0;1;0;0;0;0;0;24;5;17;0;21;11;2163;517;1648;1;2346;1037
0;0;0;0;0;0;0;0;0;0;0;0;20;6;17;0;25;11;2182;521;1620;1;2325;1025
0;0;0;0;0;0;1;0;0;0;0;0;23;5;16;0;25;11;2179;530;1650;0;2357;1047
0;0;0;0;0;0;0;0;0;0;0;0;21;5;17;0;25;10;2143;508;1632;0;2333;1037
0;0;0;0;0;0;0;0;0;0;0;0;22;5;17;0;25;11;2173;518;1630;0;2334;1027
0;0;0;0;0;0;0;0;1;0;0;0;23;6;16;0;24;11;2171;527;1658;0;2356;1025
0;0;0;0;0;0;0;0;0;0;1;0;24;6;15;0;22;10;2149;520;1658;0;2348;1016
0;0;0;0;0;0;0;0;0;0;0;0;20;5;16;0;24;11;2158;511;1678;1;2338;1028
0;0;0;0;0;0;0;0;1;0;0;0;21;5;16;0;23;10;2166;511;1640;1;2388;1025
0;0;0;0;0;0;0;0;0;0;0;0;20;6;18;0;23;10;2173;515;1632;0;2368;1026
0;0;0;0;0;0;1;0;0;0;0;0;23;7;15;0;22;11;2175;507;1638;0;2321;1029
0;0;0;0;0;0;1;0;0;0;0;0;22;6;17;0;25;10;2259;524;1654;1;2328;1061
0;0;0;0;0;0;1;0;0;0;0;0;25;6;15;0;21;10;2176;513;1640;0;2348;1023
0;0;0;0;0;0;0;0;0;0;1;0;22;6;16;0;24;10;2188;510;1643;0;2330;1022
0;0;0;0;0;0;1;0;0;0;0;0;21;5;17;0;25;10;2169;524;1653;0;2326;1045
0;0;0;0;0;0;0;0;1;0;0;0;20;5;16;0;23;10;2178;513;1671;0;2328;1024
0;0;0;0;0;0;0;0;1;0;0;0;24;6;16;0;22;9;2193;527;1639;1;2350;1038
0;0;0;0;0;0;0;1;0;0;0;0;24;5;15;0;22;10;2187;516;1646;1;2317;1035
0;0;0;0;0;0;1;0;0;0;0;0;22;5;15;0;24;11;2190;521;1632;0;2347;1083
0;0;0;0;0;0;0;0;1;0;0;0;22;4;16;0;23;11;2216;515;1634;0;2342;1025
0;0;0;0;0;0;1;0;0;0;0;0;21;5;16;0;23;9;2190;510;1644;0;2345;1041
0;0;0;0;0;0;0;0;1;0;0;0;21;5;15;0;22;11;2188;510;1641;0;2332;1027
0;0;0;0;0;0;0;0;0;0;1;0;21;5;18;0;25;11;2181;505;1622;1;2345;1038
0;0;0;0;0;0;0;0;0;0;0;0;22;5;17;0;24;10;2200;506;1631;0;2333;1058
0;0;0;0;0;0;0;1;0;0;0;0;21;5;15;0;24;11;2143;515;1632;0;2353;1033
0;0;0;0;0;0;0;0;0;0;0;1;21;5;15;0;23;10;2163;510;1628;0;2315;1057
0;0;0;0;0;0;0;0;0;0;0;0;24;6;16;0;23;10;2160;521;1671;1;2306;1027
0;0;0;0;0;0;1;0;0;0;0;0;23;6;17;0;25;11;2171;504;1621;0;2317;1037
0;0;0;0;0;0;0;0;0;0;1;0;20;5;16;0;23;10;2161;523;1683;0;2338;1024
0;0;0;0;0;0;0;1;0;0;0;0;22;5;16;0;23;11;2167;519;1653;0;2376;1035
0;0;0;0;0;0;0;0;0;0;0;0;21;6;16;0;24;10;2180;528;1630;1;2377;1032
0;0;0;0;0;0;1;0;0;0;0;0;20;6;16;0;23;10;2141;506;1627;0;2319;1026
0;0;0;0;0;0;0;0;0;0;0;1;20;5;17;0;25;11;2169;525;1631;1;2356;1026
0;0;0;0;0;0;0;0;0;0;0;0;21;5;17;0;25;11;2180;509;1662;1;2664;1117
0;0;0;0;0;0;1;0;0;0;0;0;23;5;16;0;24;10;2168;566;1670;0;2345;1033
0;0;0;0;0;0;0;0;0;0;1;0;20;5;16;0;23;10;2211;529;1642;0;2335;1032
0;0;0;0;0;0;0;1;0;0;0;0;21;5;18;0;23;10;2173;521;1632;0;2336;1019
0;0;0;0;0;0;1;0;0;0;0;0;21;5;15;0;24;12;2172;525;1637;0;2327;1044
0;0;0;0;0;0;1;0;0;0;0;0;23;6;18;0;26;11;2175;513;1646;0;2306;1017
0;0;0;0;0;0;0;0;0;0;1;0;22;5;16;0;22;12;2180;509;1762;0;2354;1029
0;0;0;0;0;0;0;0;0;0;1;0;20;6;17;0;23;10;2735;574;1731;1;2396;1038
0;0;0;0;0;0;1;0;0;0;0;0;21;5;17;0;26;12;2191;509;1674;0;2367;1039
0;0;0;0;0;0;1;0;0;0;0;0;22;6;17;0;22;10;2186;520;1653;0;2375;1047
0;0;0;0;0;0;0;0;0;0;0;1;23;6;18;0;22;10;2194;518;1645;1;2326;1025
0;0;0;0;0;0;0;0;1;0;0;0;21;6;17;0;24;11;2168;529;1643;0;2328;1037
0;0;0;0;0;0;0;0;0;0;1;0;22;5;15;0;22;10;2177;517;1633;0;2330;1029
0;0;0;0;0;0;0;0;0;0;0;1;21;5;15;0;22;10;2164;519;1615;1;2327;1024
0;0;0;0;0;0;0;0;0;0;0;1;22;5;15;0;23;10;2214;519;1646;0;2334;1033
0;0;0;0;0;0;0;0;1;0;0;0;22;4;17;0;24;11;2146;511;1623;0;2323;1019
0;0;0;0;0;0;1;0;0;0;0;0;22;5;15;0;22;10;2177;516;1638;0;2338;1032
0;0;0;0;0;0;0;0;0;0;0;0;24;5;16;0;21;18;2177;525;1789;1;2357;1036
0;0;0;0;0;0;0;0;0;0;0;0;23;6;16;0;23;12;2178;521;1644;0;2379;1065
0;0;0;0;0;0;0;0;0;0;1;0;24;5;15;1;23;11;2225;513;1671;1;2399;1068
0;0;0;0;0;0;0;0;1;0;0;0;22;5;16;0;25;11;2244;521;1669;0;2441;1068
0;0;0;0;0;0;0;0;0;0;0;1;20;5;18;0;23;10;2215;532;1698;0;2392;1090
0;0;0;0;0;0;0;0;1;0;0;0;21;5;17;0;23;11;2271;529;1697;1;2391;1084
0;0;0;0;0;0;0;0;0;0;0;1;23;5;19;0;23;10;2256;523;1673;0;2400;1085
0;0;0;0;0;0;0;0;0;0;1;0;21;6;18;0;26;12;2295;519;1697;0;2418;1054
0;0;0;0;0;0;0;1;0;0;0;0;22;5;18;0;22;10;2291;532;1686;0;2417;1058
0;0;0;0;0;0;0;0;0;0;0;0;23;5;16;0;23;9;2254;527;1672;0;2393;1054
0;0;0;0;0;0;0;0;1;0;0;0;24;5;18;0;25;11;2258;520;1700;0;2413;1066
0;0;0;0;0;0;0;0;0;0;1;0;22;6;18;0;25;12;2272;540;1711;0;2415;1055
0;0;0;0;0;0;1;0;0;0;0;0;23;5;17;0;24;11;2276;532;1676;0;2424;1062
0;0;0;0;0;0;1;0;0;0;0;0;25;6;18;0;28;12;2261;509;1712;0;2791;1077
0;0;0;0;0;0;1;0;0;0;0;0;22;5;16;0;23;10;2236;541;1694;0;2450;1057
0;0;1;0;0;0;0;0;0;0;0;0;25;6;19;0;27;10;2255;518;1676;0;2420;1071
0;0;0;0;0;0;0;0;1;0;0;0;22;5;18;0;28;11;2233;545;1677;0;2413;1049
0;0;0;0;0;0;1;0;0;0;0;0;24;6;18;0;26;10;2247;531;1667;0;2354;1048
0;0;0;0;0;0;1;0;0;0;0;0;22;5;16;0;24;11;2185;531;1663;0;2388;1019
0;0;0;0;0;0;1;0;0;0;0;0;22;5;18;0;23;10;2166;543;1657;0;2362;1040
0;0;0;0;0;0;1;0;0;0;0;0;21;5;16;0;23;11;2216;523;1665;0;2358;1042
0;0;0;0;0;0;0;0;0;0;1;0;22;5;15;0;22;11;2210;528;1665;0;2368;1052
0;0;0;0;0;0;0;0;0;0;1;0;22;5;17;0;23;11;2266;518;1663;1;2398;1056
0;0;0;0;0;0;0;0;0;0;0;1;22;6;17;0;25;11;2184;536;1658;0;2392;1046
0;0;0;0;0;0;0;1;0;0;0;0;23;10;18;0;26;12;2204;532;1650;0;2370;1046
0;0;0;0;0;0;1;0;0;0;0;0;23;5;16;0;23;10;2218;509;1650;1;2363;1046
0;0;0;0;0;0;0;0;0;0;0;1;21;5;17;0;23;11;2222;521;1682;0;2342;1055
0;0;0;0;0;0;0;0;0;0;1;0;23;5;18;0;26;11;2175;522;1678;0;2365;1028
0;0;0;0;0;0;0;0;1;0;0;0;23;6;18;1;23;9;2223;520;1671;0;2392;1050
0;0;0;0;0;0;0;0;0;1;0;0;21;5;17;0;24;10;2214;529;1761;0;2490;1038
0;0;0;0;0;0;0;0;1;0;0;0;23;5;18;0;24;10;2178;546;1667;0;2373;1030
0;0;0;0;0;0;0;0;1;0;0;0;21;6;16;0;23;10;2206;542;1636;0;2368;1049
0;0;0;0;0;0;1;0;0;0;0;0;23;6;16;0;22;10;2204;513;1654;0;2351;1035
0;0;0;0;0;0;1;0;0;0;0;0;25;6;17;0;23;12;2227;535;1664;0;2379;1041
0;0;0;0;0;0;1;0;0;0;0;0;23;6;18;1;23;10;2207;540;1648;0;2362;1025
0;0;0;0;0;0;0;0;0;0;1;0;21;5;17;0;27;11;2215;534;1648;0;2356;1058
0;0;0;0;0;0;0;0;1;0;0;0;24;5;16;0;22;10;2183;527;1642;0;2338;1047
0;0;0;0;0;0;0;0;0;0;0;0;22;5;18;0;25;10;2184;519;1677;1;2353;1044
0;0;0;0;0;0;0;0;1;0;0;0;21;5;16;0;23;11;2169;514;1632;0;2347;1040
0;0;0;0;0;0;0;0;1;0;0;0;22;5;17;0;22;10;2171;519;1655;0;2354;1029
0;0;0;0;0;0;0;0;0;0;0;0;22;5;17;0;24;10;2163;518;1675;1;2359;1035
0;0;0;0;0;0;0;0;0;0;1;0;21;6;16;0;22;11;2178;525;1661;1;2363;1038
0;0;0;0;0;0;0;0;0;0;0;0;23;6;16;0;22;10;2216;522;1619;1;2331;1039
0;0;0;0;0;0;0;0;1;0;0;0;21;5;17;0;22;10;2148;513;1651;0;2406;1035
0;0;0;0;0;0;0;0;0;0;0;0;24;5;15;0;23;10;2192;516;1652;0;2356;1104
0;0;0;0;0;0;0;0;0;0;0;0;23;6;19;0;23;11;2245;514;1661;0;2356;1044
0;0;0;0;0;0;1;0;0;0;0;0;24;5;14;0;23;10;2206;509;1641;0;2361;1041
0;0;0;0;0;0;0;0;1;0;0;0;21;5;16;0;21;10;2200;535;1662;0;2351;1052
0;0;0;0;0;0;0;0;1;0;0;0;22;5;16;0;21;9;2183;524;1639;0;2348;1046
0;0;0;0;0;0;0;0;0;0;1;0;21;5;15;0;22;11;2191;518;1649;0;2344;1026
0;0;0;0;0;0;0;0;1;0;0;0;22;5;15;0;23;11;2194;529;1635;0;2320;1016
0;0;0;0;0;0;0;0;0;0;0;0;21;5;17;0;22;10;2194;512;1629;0;2340;1041
0;0;0;0;0;0;0;0;0;0;0;0;21;5;15;0;24;11;2256;518;1632;0;2343;1048
0;0;0;0;0;0;0;0;0;0;0;1;20;5;17;0;24;10;2190;517;1637;0;2361;1059
0;0;0;0;0;0;1;0;0;0;0;0;22;6;17;0;22;11;2203;512;1621;0;2361;1052
0;0;0;0;0;0;0;0;1;0;0;0;21;5;16;0;21;10;2181;528;1644;0;2334;1041
0;0;0;0;0;0;0;0;0;0;1;0;21;4;16;0;24;10;2196;509;1676;0;2345;1045
0;0;0;0;0;0;0;0;1;0;0;0;22;6;16;0;24;11;2185;521;1674;1;2356;1033
0;0;0;0;0;0;0;0;0;0;1;0;21;5;15;0;23;10;2208;518;1638;0;2393;1042
0;0;0;0;0;0;0;0;0;0;1;0;20;5;16;0;24;11;2191;522;1657;1;2364;1040
0;0;0;0;0;0;0;0;0;0;1;0;23;6;15;0;23;11;2257;537;1688;0;2374;1049
0;0;0;0;0;0;0;0;1;0;0;0;21;5;17;0;24;11;2174;514;1656;0;2363;1026
0;0;0;0;0;0;0;0;1;0;0;0;23;5;17;0;22;11;2175;538;1675;0;2347;1038
0;0;0;0;0;0;0;0;0;0;0;0;22;5;15;0;22;10;2237;513;1632;1;2362;1048
0;0;0;0;0;0;0;0;0;0;0;0;20;6;17;0;25;9;2164;513;1650;0;2367;1054
0;0;0;0;0;0;1;0;0;0;0;0;21;5;16;0;25;12;2206;520;1633;0;2342;1069
0;0;0;0;0;0;0;0;0;0;1;0;21;5;15;0;25;11;2184;506;1639;0;2335;1035
0;0;0;0;0;0;1;0;0;0;0;0;20;7;15;0;22;10;2182;510;1654;0;2360;1034
0;0;0;0;0;0;0;1;0;0;0;0;22;4;16;0;23;10;2176;514;1646;0;2331;1047
0;0;0;0;0;0;0;0;0;0;1;0;24;6;17;0;22;10;2183;501;1639;1;2321;1032
0;0;0;0;0;0;1;0;0;0;0;0;23;4;15;0;23;10;2176;524;1653;0;2378;1041
0;0;0;0;0;0;0;0;1;0;0;0;21;6;16;0;24;10;2167;534;1661;1;2339;1042
0;0;0;0;0;0;0;0;0;0;0;0;21;6;16;0;26;10;2210;527;1632;0;2346;1025
0;0;0;0;0;0;0;0;0;0;0;0;23;5;15;0;23;10;2161;524;1650;1;2332;1047
0;0;0;0;0;0;0;0;0;0;0;1;22;5;16;0;25;12;2163;509;1641;0;2349;1033
0;0;0;0;0;0;0;0;1;0;0;0;24;5;15;0;22;10;2176;511;1641;0;2388;1053
0;0;0;0;0;0;0;0;0;0;1;0;21;5;16;0;23;10;2209;510;1656;1;2331;1013
0;0;0;0;0;0;1;0;0;0;0;0;22;4;17;0;22;11;2176;527;1655;1;2353;1035
0;0;0;0;0;0;1;0;0;0;0;0;22;5;16;0;24;11;2187;524;1649;0;2373;1034
0;0;0;0;0;0;1;0;0;0;0;0;22;5;16;0;25;12;2200;523;1665;1;2367;1045
0;0;0;0;0;0;1;0;0;0;0;0;23;5;17;0;24;10;2359;520;1659;1;2322;1053
0;0;0;0;0;0;0;0;1;0;0;0;23;5;15;0;21;10;2175;519;1641;0;2418;1074
0;0;0;0;0;0;0;0;0;0;1;0;24;6;19;0;26;12;2183;517;1657;1;2371;1035
0;0;0;0;0;0;0;0;1;0;0;0;22;5;17;0;23;11;2261;532;1653;0;2333;1061
0;0;0;0;0;0;0;0;0;0;1;0;23;5;17;0;22;10;2179;532;1659;0;2329;1046
0;0;0;0;0;0;1;0;0;0;0;0;22;5;16;0;25;11;2182;525;1638;1;2342;1022
0;0;0;0;0;0;0;0;0;0;0;0;24;6;15;1;23;10;2187;516;1634;1;2339;1031
0;0;0;0;0;0;0;0;1;0;0;0;21;6;15;0;21;9;2191;515;1649;0;2344;1041
0;0;0;0;0;0;0;0;0;0;0;1;20;5;16;0;24;10;2195;526;1682;1;2370;1038
0;0;0;0;0;0;0;0;0;0;1;0;19;4;16;0;23;10;2212;526;1640;1;2360;1036
0;0;0;0;0;0;0;0;0;0;1;0;22;4;18;0;25;11;2163;512;1652;1;2373;1025
0;0;0;0;0;0;0;1;0;0;0;0;21;5;17;0;23;11;2214;539;1651;1;2365;1057
0;0;0;0;0;0;0;0;1;0;0;0;21;5;16;0;24;12;2208;520;1658;0;2347;1035
0;0;0;0;0;0;1;0;0;0;0;0;22;5;15;0;22;10;2198;517;1682;0;2345;1036
0;0;0;0;0;0;0;0;0;0;0;0;21;5;17;0;23;11;2203;522;1683;1;2341;1040
0;0;0;0;0;0;1;0;0;0;0;0;21;6;17;0;25;11;2175;514;1661;1;2339;1033
0;0;0;0;0;0;0;0;1;0;0;0;19;5;15;0;22;10;2179;522;1662;0;2351;1042
0;0;0;0;0;0;0;0;1;0;0;0;20;5;16;0;23;9;2186;514;1641;0;2428;1040
0;0;0;0;0;0;1;0;0;0;0;0;24;5;15;0;23;11;2225;508;1722;0;2394;1060
0;0;0;0;0;0;0;0;0;0;0;0;22;5;16;0;22;11;2200;528;1647;0;2387;1046
0;0;0;0;0;0;0;0;0;0;0;1;20;6;17;0;24;10;2195;509;1645;0;2373;1017
0;0;0;0;0;0;1;0;0;0;0;0;21;5;17;0;23;11;2214;525;1656;0;2367;1030
0;0;0;0;0;0;0;0;1;0;0;0;20;5;16;0;25;11;2180;517;1663;0;2349;1023
0;0;0;0;0;0;0;0;0;0;0;0;22;5;16;0;23;9;2227;532;1642;1;2535;1041
0;0;0;0;0;0;0;0;0;0;0;1;20;5;16;0;25;12;2186;526;1644;0;2351;1040
0;0;0;0;0;0;0;0;0;0;1;0;21;5;16;0;22;11;2173;524;1625;0;2355;1007
0;0;0;0;0;0;0;0;0;0;1;0;22;5;14;0;23;10;2186;524;1631;0;2335;1035
0;0;0;0;0;0;1;0;0;0;0;0;24;6;18;0;26;11;2192;514;1634;0;2337;1022
0;0;0;0;0;0;1;0;0;0;0;0;21;5;16;0;22;10;2183;526;1636;0;2352;1034
0;0;0;0;0;0;0;0;0;0;0;0;21;4;15;0;24;10;2196;513;1672;0;2328;1019
0;0;0;0;0;0;1;0;0;0;0;0;21;5;15;1;22;10;2189;515;1653;0;2357;1035
0;0;0;0;0;0;0;0;0;0;1;0;21;4;16;0;23;10;2171;515;1665;1;2327;1026
0;0;0;0;0;0;0;0;0;0;0;1;20;5;15;0;23;11;2190;524;1650;0;2312;1029
0;0;0;0;0;0;0;0;1;0;0;0;22;5;16;0;25;12;2190;522;1644;0;2355;1023
0;0;0;0;0;0;0;0;0;0;0;0;20;5;16;0;25;11;2216;525;1650;0;2360;1021
0;0;0;0;0;0;0;0;0;0;0;0;21;5;16;0;23;10;2202;522;1632;0;2352;1023
0;0;0;0;0;0;0;0;0;0;0;0;20;6;15;0;23;11;2161;514;1656;0;2355;1044
0;0;0;0;0;0;0;0;0;0;0;0;21;5;16;0;22;10;2192;513;1650;1;2327;1034
0;0;0;0;0;0;0;0;0;0;1;0;22;5;16;0;24;10;2170;520;1616;1;2317;1036
0;0;0;0;0;0;0;0;0;0;0;0;20;6;15;0;23;11;2188;498;1642;0;2340;1047
0;0;0;0;0;0;0;0;0;0;1;0;20;5;16;0;25;10;2500;536;1692;0;2359;1089
0;0;0;0;0;0;0;0;0;0;0;0;24;5;16;0;24;10;2196;519;1731;1;2376;1033
0;0;0;0;0;0;0;0;0;0;0;1;21;6;16;0;24;10;2201;535;1665;0;2360;1053
0;0;0;0;0;0;0;0;0;0;1;0;21;5;17;0;22;10;2178;513;1643;1;2349;1031
0;0;0;0;0;0;1;0;0;0;0;0;22;5;15;0;24;10;2195;527;1656;1;2327;1023
0;0;0;0;0;0;1;0;0;0;0;0;25;5;18;0;25;12;2184;541;2015;0;2571;1052
0;0;0;0;0;0;0;0;1;0;0;0;24;6;18;0;25;10;2202;520;1662;0;2400;1029
0;0;0;0;0;0;0;0;0;0;0;0;22;5;16;0;27;10;2186;513;1653;0;2382;1042
0;0;0;0;0;0;1;0;0;0;0;0;22;6;16;0;22;11;2193;513;1636;1;2331;1045
0;0;0;0;0;0;0;0;0;0;0;0;20;6;18;0;25;10;2171;515;1628;0;2427;1021
0;0;0;0;0;0;0;0;1;0;0;0;21;5;16;0;24;10;2216;524;1661;1;2356;1039
0;0;0;0;0;0;0;0;1;0;0;0;23;5;18;0;27;12;2187;521;1635;0;2353;1052
0;0;0;0;0;0;1;0;0;0;0;0;21;5;16;0;25;11;2205;515;1650;0;2315;1074
0;0;0;0;0;0;0;0;0;0;1;0;23;6;17;0;25;11;2202;512;1645;0;2371;1033
0;0;0;0;0;0;1;0;0;0;0;0;21;6;16;0;23;10;2184;524;1663;1;2416;1051
0;0;0;0;0;0;0;1;0;0;0;0;22;4;16;0;23;10;2167;521;1643;1;2338;1035
0;0;0;0;0;0;0;0;1;0;0;0;24;6;15;0;22;9;2199;516;1624;0;2643;1039
0;0;0;0;0;0;0;0;0;0;1;0;20;4;16;0;22;10;2195;520;1660;1;2419;1035
0;0;0;0;0;0;0;0;0;0;1;0;22;5;17;0;24;11;2203;533;1621;0;2381;1028
0;0;0;0;0;0;0;0;0;0;0;1;21;5;18;0;25;10;2170;521;1644;0;2359;1056
0;0;0;0;0;0;1;0;0;0;0;0;21;5;17;0;23;11;2187;513;1647;1;2358;1068
0;0;0;0;0;0;0;0;0;0;0;1;20;5;15;0;22;10;2171;517;1637;0;2362;1046
0;0;0;0;0;0;1;0;0;0;0;0;22;5;16;0;23;9;2213;505;1654;0;2319;1034
0;0;0;0;0;0;0;0;0;0;0;0;21;7;18;0;22;11;2194;513;1682;1;2332;1049
0;0;0;0;0;0;0;0;0;0;1;0;20;6;16;0;23;11;2200;523;1650;0;2331;1037
0;0;0;0;0;0;0;0;0;0;1;0;23;5;16;0;21;9;2195;511;1677;0;2377;1030
0;0;0;0;0;0;1;0;0;0;0;0;21;5;17;0;23;11;2184;510;1642;0;2353;1068
0;0;0;0;0;0;0;1;0;0;0;0;21;5;16;0;23;11;2178;519;1614;0;2376;1037
0;0;0;0;0;0;0;0;1;0;0;0;23;5;16;0;23;10;2177;519;1656;0;2340;1020
0;0;0;0;0;0;0;0;0;0;0;0;22;6;16;0;23;11;2159;524;1654;1;2353;1051
0;0;0;0;0;0;1;0;0;0;0;0;22;5;15;0;22;10;2170;526;1642;0;2476;1041
0;0;0;0;0;0;0;1;0;0;0;0;23;6;18;0;24;10;2197;515;1675;0;2340;1045
0;0;0;0;0;0;0;0;0;0;1;0;21;6;18;0;33;13;2193;525;1653;0;2363;1035
0;0;0;0;0;0;0;0;0;0;1;0;21;5;16;0;22;10;2204;512;1829;0;2347;1058
0;0;0;0;0;0;0;0;0;0;0;0;23;5;16;0;21;11;2179;523;1649;1;2343;1044
0;0;0;0;0;0;1;0;0;0;0;0;21;5;15;0;23;10;2181;513;1649;1;2322;1058
0;0;0;0;0;0;0;0;0;0;0;1;20;5;17;0;25;11;2187;508;1671;1;2333;1035
0;0;0;0;0;0;0;0;0;0;0;0;21;6;18;0;22;11;2163;512;1640;0;2365;1031
0;0;0;0;0;0;1;0;0;0;0;0;24;5;16;0;23;11;2180;529;1669;1;2371;1036
0;0;0;0;0;0;0;0;0;0;0;1;23;6;18;0;26;11;2184;528;1721;0;2372;1037
0;0;0;0;0;0;0;0;0;0;1;0;21;6;16;0;24;10;2206;522;1690;1;2351;1055
0;0;0;0;0;0;0;0;1;0;0;0;23;5;16;0;24;11;2196;521;1665;0;2358;1038
0;0;0;0;0;0;0;0;0;0;1;0;21;6;16;0;24;11;2202;517;1671;0;2342;1039
0;0;0;0;0;0;0;0;0;0;0;0;21;5;16;0;25;12;2209;536;1662;0;2359;1058
0;0;0;0;0;0;0;0;0;0;0;0;23;6;16;0;23;9;2185;510;1666;0;2372;1034
0;0;0;0;0;0;1;0;0;0;0;0;23;5;21;0;25;10;2171;523;1646;1;2347;1062
0;0;0;0;0;0;1;0;0;0;0;0;23;6;16;0;25;11;2189;515;1621;0;2348;1048
0;0;0;0;0;0;1;0;0;0;0;0;20;5;16;0;22;9;2183;514;1666;1;2339;1037
0;0;0;0;0;0;0;0;0;0;0;0;21;5;17;0;25;11;2227;526;1636;0;2330;1048
0;0;0;0;0;0;0;0;0;0;1;0;21;5;15;0;25;10;2174;518;1668;0;2651;1045
0;0;0;0;0;0;1;0;0;0;0;0;22;6;15;0;23;11;2170;532;1653;0;2347;1037
0;0;0;0;0;0;0;0;0;0;1;0;21;5;16;1;22;10;2225;524;1618;0;2353;1032
0;0;0;0;0;0;1;0;0;0;0;0;21;5;15;0;22;11;2171;524;1645;0;2323;1039
0;0;0;0;1;0;0;0;0;0;0;1;23;6;16;0;23;9;2201;518;1642;0;2337;1042
0;0;0;0;0;0;0;0;0;0;1;0;21;5;17;0;25;11;2162;526;1648;0;2434;1036
0;0;0;0;0;0;0;0;1;0;0;0;21;5;18;0;26;12;2191;520;1669;1;2342;1046
0;0;0;0;0;0;0;0;0;0;0;0;22;7;17;0;23;11;2169;522;1633;1;2354;1045
0;0;0;0;0;0;0;0;0;0;1;0;20;5;15;0;24;10;2177;519;1637;0;2349;1042
0;0;0;0;0;0;1;0;0;0;0;0;21;4;17;0;25;10;2189;517;1634;1;2360;1039
0;0;0;0;0;0;0;0;0;0;0;1;19;5;16;0;23;10;2167;506;1639;0;2338;1031
0;0;0;0;0;0;0;0;0;0;0;0;22;6;16;0;23;12;2170;512;1650;1;2332;1045
0;0;0;0;0;0;1;0;0;0;0;0;22;5;18;0;25;11;2180;510;1633;0;2344;1037
0;0;0;0;0;0;1;0;0;0;0;0;21;4;15;0;22;10;2200;510;1632;0;2341;1037
0;0;0;0;0;0;0;0;1;0;0;0;24;4;15;0;22;10;2153;534;1667;1;2331;1044
0;0;0;0;0;0;0;0;0;0;0;0;20;5;17;0;24;11;2177;533;1632;0;2363;1019
0;0;0;0;0;0;0;0;0;0;1;0;21;5;16;0;23;10;2182;509;1644;0;2326;1020
0;0;0;0;0;0;1;0;0;0;0;0;22;5;17;0;26;11;2173;521;1652;0;2333;1024
0;0;0;0;0;0;0;0;0;0;1;0;21;6;18;0;25;11;2184;516;1640;0;2338;1037
0;0;0;0;0;0;0;0;0;0;0;0;21;5;16;0;22;10;2184;515;1636;0;2342;1018
0;0;0;0;0;0;0;0;0;0;0;1;23;5;18;0;24;12;2191;511;1645;0;2353;1038
0;0;0;0;0;0;0;1;0;0;0;0;21;6;18;0;26;12;2179;517;1640;0;2337;1048
0;0;0;0;0;0;0;0;0;0;0;0;21;5;17;0;25;11;2181;518;1651;0;2364;1067
0;0;0;0;0;0;1;0;0;0;0;0;24;6;18;0;25;11;2177;512;1651;0;2381;1042
0;0;0;0;0;0;1;0;0;0;0;0;21;5;16;1;22;10;2173;509;1644;0;2340;1033
0;0;0;0;0;0;0;0;0;0;0;0;22;5;16;0;24;11;2207;520;1649;0;2352;1030
0;0;0;0;0;0;0;1;0;0;0;0;23;5;18;0;26;12;2180;524;1653;0;2333;1104
0;0;0;0;0;0;1;0;0;0;0;0;23;5;18;0;25;11;2207;557;1632;1;2379;1258
0;0;0;0;0;0;0;0;0;0;0;0;21;5;16;0;24;10;2170;526;1672;0;2414;1037
0;0;0;0;0;0;0;0;1;0;0;0;22;4;17;0;22;10;2173;512;1653;0;2353;1035
0;0;0;0;0;0;1;0;0;0;0;0;23;5;17;0;23;9;2200;516;1665;0;2322;1033
0;0;0;0;0;0;0;0;0;0;0;0;21;5;15;0;24;10;2192;514;1651;0;2327;1033
0;0;0;0;0;0;0;0;0;0;0;1;23;6;18;0;22;10;2169;541;1623;0;2350;1051
0;0;0;0;0;0;1;0;0;0;0;0;23;5;16;0;21;10;2178;512;1626;0;2343;1021
0;0;0;0;0;0;0;0;0;0;1;0;20;5;17;0;24;11;2174;510;1626;0;2324;1030
0;0;0;0;0;0;0;0;0;0;0;0;20;5;16;0;22;10;2176;514;1808;0;2323;1025
0;0;0;0;0;0;0;0;0;0;0;1;20;5;16;0;23;10;2151;518;1631;1;2327;1042
0;0;0;0;0;0;0;1;0;0;0;0;22;5;18;0;25;11;2181;509;1677;1;2330;1024
0;0;0;0;0;0;1;0;0;0;0;0;21;5;17;0;23;10;2173;520;1633;0;2365;1035
0;0;0;0;0;0;1;0;0;0;0;0;21;5;16;0;21;10;2168;496;1631;0;2301;1026
0;0;0;0;0;0;0;0;1;0;0;0;21;5;17;0;22;10;2152;517;1685;0;2325;1031
0;0;0;0;0;0;0;1;0;0;0;0;22;5;16;0;22;11;2151;543;1629;0;2338;1015
0;0;0;0;0;0;1;0;0;0;0;0;20;5;15;0;22;10;2195;517;1628;0;2329;1026
0;0;0;0;0;0;0;0;0;0;0;0;21;6;16;0;23;11;2137;512;1653;0;2311;1032
0;0;0;0;0;0;0;0;0;0;0;0;21;4;16;0;22;10;2254;512;1638;1;2351;1031
0;0;0;0;0;0;1;0;0;0;0;0;22;5;16;0;23;11;2168;521;1644;1;2327;1042
0;0;0;0;0;0;1;0;0;0;0;0;21;5;16;0;22;10;2145;509;1641;0;2333;1038
0;0;0;0;0;0;0;0;1;0;0;0;20;5;17;0;23;10;2178;510;1624;0;2656;1414
0;0;0;0;0;0;1;0;0;0;1;0;23;6;22;0;26;11;2374;546;1727;0;2436;1034
0;0;0;0;0;0;0;0;0;0;1;0;22;5;16;0;22;12;2232;548;1672;1;2335;1076
0;0;0;0;0;0;0;0;0;0;0;0;24;5;16;0;23;9;2190;527;1672;0;2382;1071
0;0;0;0;0;0;0;0;0;0;0;1;26;6;15;0;23;12;2187;526;1677;1;2354;1044
0;0;0;0;0;0;0;0;0;0;1;0;23;5;17;0;24;10;2195;520;1657;0;2371;1054
0;0;0;0;0;0;1;0;0;0;0;0;21;5;16;0;23;10;2246;531;1678;1;2399;1056
0;0;0;0;0;0;0;0;0;0;1;0;22;5;16;0;24;12;2216;527;1711;1;3252;1425
0;0;0;0;0;0;1;0;0;0;1;0;49;9;28;0;68;28;2316;519;1911;0;2441;1065
0;0;0;0;0;0;0;0;0;0;0;1;22;5;21;0;52;12;2306;525;1698;0;2417;1080
0;0;0;0;0;0;0;0;0;0;0;1;23;5;17;0;22;12;2248;528;1697;1;2476;1067
0;0;0;0;0;0;1;0;0;0;0;0;21;6;17;0;25;11;2240;522;1691;0;2425;1065
0;0;0;0;0;0;0;0;0;0;0;0;22;5;16;0;24;11;2384;527;1692;0;2407;1075
0;0;0;0;0;0;0;0;0;0;0;0;22;4;15;0;24;11;2254;525;1868;1;2385;1066
0;0;0;0;0;0;0;0;0;0;1;0;21;5;16;0;24;10;2256;543;1692;0;2408;1061
0;0;0;0;0;0;0;1;0;0;0;0;22;5;17;0;23;11;2239;542;1680;0;2439;1093
0;0;0;0;0;0;0;0;1;0;0;0;25;7;18;0;27;12;2262;540;1727;0;2393;1066
0;0;0;0;0;0;0;0;1;0;0;0;21;5;18;0;26;10;2236;520;1700;1;2427;1070
0;0;0;0;0;0;0;0;0;0;1;0;21;5;17;0;26;13;2284;528;1731;1;2421;1053
0;0;0;0;0;0;0;1;0;0;0;0;23;5;18;0;24;12;2259;542;1794;0;2434;1095
0;0;0;0;0;0;1;0;0;0;0;0;22;6;17;1;22;11;2284;558;1697;0;2393;1043
0;0;0;0;0;0;1;0;0;0;0;0;22;5;15;0;25;10;2269;542;1702;0;2423;1082
0;0;0;0;0;0;0;0;0;0;1;0;23;6;19;0;25;13;2266;535;1712;0;2414;1072
0;0;0;0;0;0;0;0;0;0;0;1;21;5;18;0;25;10;2257;547;1696;0;2424;1071
0;0;0;0;0;0;1;0;0;0;0;0;23;6;17;0;25;11;2256;541;1699;0;2406;1052
0;0;0;0;0;0;0;0;0;0;0;0;21;7;20;0;26;12;2266;533;1705;1;2478;1059
0;0;0;0;0;0;0;0;0;0;0;1;22;5;16;0;22;11;2263;528;1695;0;2406;1073
0;0;0;0;0;0;1;0;0;0;0;0;22;5;18;0;24;11;2219;529;1706;0;2437;1059
0;0;0;0;0;0;0;1;0;0;0;0;22;5;16;0;24;10;2241;525;1688;0;2420;1098
0;0;0;0;0;0;0;0;0;0;1;0;21;5;16;0;22;11;2252;550;1660;1;2426;1053
0;0;0;0;0;0;1;0;0;0;0;0;25;5;17;0;23;10;3489;815;2399;0;2632;1091
0;0;0;0;0;0;0;0;0;0;1;0;26;6;18;0;24;11;2316;541;1700;1;2550;1077
0;0;0;0;0;0;0;0;0;0;1;0;23;6;19;0;24;11;2303;539;1708;0;2444;1081
0;0;0;0;0;0;0;0;0;0;1;0;22;5;16;0;23;11;2284;532;1685;1;2454;1152
0;0;0;0;0;0;1;0;0;0;0;0;23;6;18;1;26;11;2266;536;1715;0;2437;1090
0;0;0;0;0;0;0;0;0;0;0;0;22;5;17;0;26;12;2264;530;1689;0;2452;1078
0;0;0;0;0;0;1;0;0;0;0;0;23;6;19;0;26;11;2274;538;1722;0;2416;1058
0;0;0;0;0;0;0;0;0;0;0;1;23;6;17;0;21;10;2316;539;1727;0;2427;1068
0;0;0;0;0;0;0;0;0;0;0;1;23;4;16;0;23;10;2247;528;1703;1;2408;1048
0;0;0;0;0;0;0;0;0;0;0;0;22;5;18;0;28;12;2422;538;1695;0;2453;1066
0;0;0;0;0;0;1;0;0;0;0;0;22;5;16;0;23;10;2252;539;1695;0;2433;1099
0;0;0;0;0;0;0;0;0;0;1;0;21;5;16;0;23;10;2258;530;1688;0;2417;1088
0;0;0;0;0;0;0;0;0;0;0;1;24;6;17;0;22;10;2280;544;1695;0;2413;1100
0;0;0;0;0;0;0;0;0;0;1;0;22;5;18;0;25;10;2229;522;1726;0;2418;1079
0;0;0;0;0;0;0;0;1;0;0;0;21;5;16;0;22;10;2291;531;1694;0;2460;1087
0;0;0;0;0;0;0;0;0;0;0;1;23;7;18;0;26;10;2277;538;1667;0;2390;1077
0;0;0;0;0;0;0;0;0;0;1;0;22;5;17;0;24;10;2281;534;1692;0;2416;1062
0;0;0;0;0;0;0;0;0;0;1;0;22;6;17;0;23;12;2272;530;1694;1;2482;1086
0;0;0;0;0;0;0;0;1;0;0;0;23;6;17;0;25;11;2230;552;1703;0;2421;1087
0;0;0;0;0;0;1;0;0;0;0;0;22;5;17;0;24;10;2241;541;1809;1;2576;1098
0;0;1;0;0;0;0;0;0;0;0;0;23;5;17;0;25;11;2302;532;1716;0;2428;1068
0;0;0;0;0;0;0;0;0;0;1;0;24;5;16;0;24;11;2232;532;1699;0;2414;1072
0;0;0;0;0;0;0;0;1;0;0;0;22;5;16;0;24;10;2260;539;1710;0;2455;1089
0;0;0;0;0;0;1;0;0;0;0;0;21;6;18;0;26;10;2254;551;1675;0;2432;1056
0;0;0;0;0;0;1;0;0;0;0;0;23;6;19;0;27;12;2263;540;1678;0;2447;1087
0;0;0;0;0;0;0;0;0;0;0;0;22;5;16;0;23;11;2292;539;1717;0;2443;1041
0;0;0;0;0;0;0;0;0;0;0;1;22;6;17;0;24;11;2363;555;1704;0;2447;1077
0;0;0;0;0;0;1;0;0;0;0;0;21;6;19;0;26;12;2265;541;1689;0;2401;1071
0;0;0;0;0;0;0;0;1;0;0;0;23;5;16;0;26;11;2273;535;1694;0;2402;1054
0;0;0;0;0;0;0;0;0;0;0;0;25;6;18;0;26;12;2265;544;1721;1;2437;1082
0;0;0;0;0;0;0;0;1;0;0;0;22;5;17;0;25;10;2361;522;1695;0;2416;1078
0;0;0;0;0;0;0;0;0;0;1;0;24;6;16;1;23;11;2331;538;1709;0;2414;1076
0;0;0;0;0;0;1;0;0;0;0;0;24;6;17;0;22;10;2247;542;1721;0;2424;1075
0;0;0;0;0;0;0;0;0;0;0;0;22;5;15;0;24;11;2267;533;1702;0;2455;1071
0;0;0;0;0;0;0;0;0;0;0;0;21;5;17;0;23;11;2250;533;1693;0;2395;1068
0;0;0;0;0;0;0;0;0;0;1;0;21;5;17;0;24;11;2250;537;1699;0;2404;1065
0;0;0;0;0;0;0;0;0;0;1;0;24;6;19;0;28;15;2250;531;1736;0;2431;1074
0;0;0;0;0;0;1;0;0;0;0;0;23;5;15;0;25;11;2274;531;1715;0;2428;1059
0;0;0;0;0;0;0;0;0;0;0;0;22;6;17;0;22;10;2277;535;1719;0;2418;1056
0;0;0;0;0;0;0;0;0;0;0;1;22;5;16;0;24;11;2234;536;1699;1;2409;1067
0;0;0;0;0;0;0;0;0;0;1;0;24;6;18;0;24;11;2261;532;1673;1;2407;1137
0;0;0;0;0;0;0;0;0;0;1;0;22;5;16;0;23;10;2265;547;1733;1;2409;1071
0;0;0;0;0;0;0;1;0;0;0;0;23;5;17;0;24;11;2254;540;1702;1;2430;1081
0;0;0;0;0;0;0;0;1;0;0;0;27;6;16;0;26;10;2238;530;1712;0;2405;1067
0;0;0;0;0;0;0;0;0;0;1;0;20;6;16;0;25;11;2256;530;1666;0;2412;1055
0;0;0;0;0;0;0;0;0;0;0;0;20;6;18;0;25;11;2268;849;1737;0;2428;1073
0;0;0;0;0;0;0;0;0;0;0;0;23;5;16;0;22;11;2252;536;1697;1;2434;1080
0;0;0;0;0;0;0;0;0;0;1;0;21;4;17;0;26;11;2300;543;1755;0;2390;1083
0;0;0;0;0;0;0;0;0;0;1;0;21;6;17;0;23;11;2244;531;1681;0;2387;1068
0;0;0;0;0;0;0;1;0;0;0;0;23;6;16;0;23;10;2239;523;1703;0;2412;1057
0;0;0;0;0;0;1;0;0;0;0;0;22;5;18;0;23;15;2245;523;1692;0;2441;1069
0;0;0;0;0;0;0;0;1;0;0;0;23;6;18;0;22;10;2260;530;1684;0;2398;1051
0;0;0;0;0;0;0;0;0;0;0;1;20;5;16;0;22;11;2236;543;1685;0;2394;1062
0;0;0;0;0;0;0;0;0;0;1;0;22;5;17;0;24;9;2222;528;1674;0;2396;1078
0;0;0;0;0;0;0;0;1;0;0;0;21;5;17;0;24;11;2248;528;1691;0;2427;1065
0;0;0;0;0;0;0;0;0;0;0;0;22;5;17;0;24;10;2249;541;1730;0;2418;1053
0;0;0;0;0;0;0;0;0;0;1;0;24;5;18;0;23;11;2236;550;1711;0;2435;1060
0;0;0;0;0;0;1;0;0;0;0;0;21;5;18;0;24;11;2228;540;1691;0;2427;1050
0;0;0;0;0;0;1;0;0;0;0;1;25;5;16;0;23;10;2230;544;1699;0;2412;1065
0;0;0;0;0;0;1;0;0;0;0;0;22;6;16;0;23;10;2239;541;1676;0;2424;1062
0;0;0;0;0;0;0;0;0;0;0;1;25;6;19;0;23;10;2224;521;1695;0;2382;1060
0;0;0;0;0;0;0;0;1;0;0;0;23;5;17;0;25;11;2226;518;1677;1;2408;1067
0;0;0;0;0;0;1;0;0;0;0;0;23;5;17;1;26;11;2240;525;1709;0;2418;1064
0;0;0;0;0;0;1;0;0;0;0;0;23;7;17;0;24;11;2282;540;1682;0;2382;1072
0;0;0;0;0;0;1;0;0;0;1;0;25;6;16;0;24;12;2243;540;1712;0;2390;1076
0;0;0;0;0;0;0;0;0;0;0;0;23;5;18;0;24;10;2227;524;1686;0;2390;1054
0;0;0;0;0;0;0;0;0;0;0;1;22;4;17;0;23;10;2273;518;1669;0;2403;1080
0;0;0;0;0;0;0;0;1;0;0;0;25;6;16;0;22;10;2263;529;1670;0;2381;1064
0;0;0;0;0;0;1;0;0;0;0;0;24;5;15;0;25;9;2231;539;1701;1;2386;1062
0;0;0;0;0;0;1;0;0;0;0;0;25;6;18;0;25;11;2219;528;1690;1;2413;1132
0;0;0;0;0;0;0;0;0;0;1;0;21;5;17;0;23;11;2206;558;1687;0;2410;1057
0;0;0;0;0;0;1;0;0;0;0;0;22;6;18;0;26;10;2212;522;1737;0;2420;1076
0;0;0;0;0;0;0;1;0;0;0;0;21;4;16;0;22;11;2234;537;1690;1;2389;1056
0;0;0;0;0;0;0;0;0;0;0;0;22;6;16;0;23;10;2274;520;1712;0;2360;1056
0;0;0;0;0;0;1;0;0;0;0;0;22;6;16;0;23;10;2234;531;1685;0;2403;1069
0;0;0;0;0;0;0;1;0;0;0;0;21;5;17;0;22;11;2238;519;1679;0;2383;1061
0;0;0;0;0;0;1;0;0;0;0;0;21;5;17;0;23;10;2213;522;1681;0;2386;1072
0;0;0;0;0;0;0;0;1;0;0;0;21;6;17;0;26;11;2239;527;1787;0;2427;1085
